time,open,high,low,close,Volume,Volume MA
2017-08-17T00:00:00Z,4261.48,4485.39,4200.74,4285.08,795.150377,NaN
2017-08-18T00:00:00Z,4285.08,4371.52,3938.77,4108.37,1199.888264,NaN
2017-08-19T00:00:00Z,4108.37,4184.69,3850,4139.98,381.309763,NaN
2017-08-20T00:00:00Z,4120.98,4211.08,4032.62,4086.29,467.083022,NaN
2017-08-21T00:00:00Z,4069.13,4119.62,3911.79,4016,691.74306,NaN
2017-08-22T00:00:00Z,4016,4104.82,3400,4040,966.684858,NaN
2017-08-23T00:00:00Z,4040,4265.8,4013.89,4114.01,1001.136565,NaN
2017-08-24T00:00:00Z,4147,4371.68,4085.01,4316.01,787.418753,NaN
2017-08-25T00:00:00Z,4316.01,4453.91,4247.48,4280.68,573.61274,NaN
2017-08-26T00:00:00Z,4280.71,4367,4212.41,4337.44,228.108068,NaN
2017-08-27T00:00:00Z,4332.51,4400,4285.54,4310.01,350.692585,NaN
2017-08-28T00:00:00Z,4310.01,4399.82,4124.54,4386.69,603.841616,NaN
2017-08-29T00:00:00Z,4353.65,4625.85,4313.55,4587.48,603.545028,NaN
2017-08-30T00:00:00Z,4564.52,4647.51,4416.01,4555.14,808.468771,NaN
2017-08-31T00:00:00Z,4555.14,4745.42,4555.14,4724.89,556.956802,NaN
2017-09-01T00:00:00Z,4689.89,4885.55,4654.88,4834.91,560.666366,NaN
2017-09-02T00:00:00Z,4796.16,4939.19,4286.87,4472.14,929.148595,NaN
2017-09-03T00:00:00Z,4508.5,4714.76,4298.33,4509.08,691.216198,NaN
2017-09-04T00:00:00Z,4505,4527.49,3972.51,4100.11,1394.644614,NaN
2017-09-05T00:00:00Z,4106.97,4484.99,3603,4366.47,1228.938157,741.0127101
2017-09-06T00:00:00Z,4366.49,4662.87,4335.26,4619.77,807.363726,741.62337755
2017-09-07T00:00:00Z,4619.77,4788.59,4438.19,4691.61,500.429975,706.6504631
2017-09-08T00:00:00Z,4691.66,4735.39,4028.93,4282.8,1132.255046,744.1977272500001
2017-09-09T00:00:00Z,4282.8,4426.62,4150.06,4258.81,658.782952,753.78272375
2017-09-10T00:00:00Z,4258.81,4283,3801,4130.37,660.373275,752.2142345
2017-09-11T00:00:00Z,4153.62,4334.43,4098.91,4208.47,699.989065,738.8794448499999
2017-09-12T00:00:00Z,4208.6,4394.59,4040.8,4163.72,879.630319,732.8041325499998
2017-09-13T00:00:00Z,4159.72,4165.38,3760,3944.69,913.462545,739.1063221499999
2017-09-14T00:00:00Z,3944,3993,3165.13,3189.02,1665.021543,793.6767622999998
2017-09-15T00:00:00Z,3188.01,3856,2817,3700,1968.866492,880.7146835
2017-09-16T00:00:00Z,3674.01,3950,3470.66,3714.95,1297.563953,928.0582519
2017-09-17T00:00:00Z,3685.23,3748.21,3499.02,3699.99,682.17121,931.9747315999999
2017-09-18T00:00:00Z,3690,4123.2,3690,4035.01,1030.006455,953.2978029499998
2017-09-19T00:00:00Z,4060,4089.97,3830.91,3910.04,902.332129,957.9909708499997
2017-09-20T00:00:00Z,3910.04,4046.08,3820,3900,720.935076,966.1898845499998
2017-09-21T00:00:00Z,3889.99,3910,3567,3609.99,1001.654084,988.2392704499998
2017-09-22T00:00:00Z,3592.84,3750,3505.55,3595.87,838.966425,983.7301619499998
2017-09-23T00:00:00Z,3595.88,3817.19,3542.91,3780,752.792791,986.8089915999999
2017-09-24T00:00:00Z,3779.54,3789.99,3622.76,3660.02,661.63639,950.1585803999999
2017-09-25T00:00:00Z,3660.02,3979.87,3653.69,3920.75,727.994713,925.1114081999998
2017-09-26T00:00:00Z,3928,3976.99,3850.05,3882.35,526.727987,911.0796212499997
2017-09-27T00:00:00Z,3882.36,4249.94,3872.81,4193,628.170966,917.4666707999999
2017-09-28T00:00:00Z,4192.11,4300,4101,4174.5,849.785325,903.34318475
2017-09-29T00:00:00Z,4178.98,4263.86,3952.01,4174.69,1602.309565,950.5195153999999
2017-09-30T00:00:00Z,4175,4380,4138.1,4378.51,720.353183,953.5185107999998
2017-10-01T00:00:00Z,4378.49,4406.52,4240.04,4378.48,726.963685,954.8672417999996
2017-10-02T00:00:00Z,4400,4561.63,4360,4380,655.756974,943.6735745499997
2017-10-03T00:00:00Z,4380,4467.33,4180.8,4310,1082.323563,952.1166254499997
2017-10-04T00:00:00Z,4314.9,4373,4142,4208.59,868.465101,912.2888033499997
2017-10-05T00:00:00Z,4208.59,4355,4110,4292.43,779.138638,852.8024106499997
2017-10-06T00:00:00Z,4318.99,4417,4292,4369,506.529176,813.2506717999997
2017-10-07T00:00:00Z,4369,4479.5,4312.56,4423,297.5975,794.0219862999996
2017-10-08T00:00:00Z,4425,4658,4425,4640,518.462004,768.4447637499995
2017-10-09T00:00:00Z,4640,4889.98,4550,4786.95,646.463145,755.6513145499996
2017-10-10T00:00:00Z,4786.95,4960,4680.59,4783.06,1043.221773,771.7656493999996
2017-10-11T00:00:00Z,4783.06,4881.61,4710,4821.43,753.429396,759.3544149999996
2017-10-12T00:00:00Z,4821.43,5439.99,4810.16,5430,1276.701482,781.2411678499996
2017-10-13T00:00:00Z,5439.99,5846.17,5379.84,5649.98,1879.82762,837.5929092999995
2017-10-14T00:00:00Z,5650,5900,5580.01,5869.99,970.759046,853.0490420999995
2017-10-15T00:00:00Z,5855.03,5922.3,5400.01,5709.99,1343.523375,883.8254751999996
2017-10-16T00:00:00Z,5710,5788.91,5585.19,5760.02,1528.996462,933.9388989499996
2017-10-17T00:00:00Z,5760,5774.98,5508.63,5595,1429.869376,974.0238194499995
2017-10-18T00:00:00Z,5595,5596,5037.95,5512.06,2317.804373,1047.4247718499994
2017-10-19T00:00:00Z,5513,5710,5490.26,5683.9,1881.722107,1061.3953989499994
2017-10-20T00:00:00Z,5683.31,6110,5600,6010.01,1972.97722,1124.0266007999994
2017-10-21T00:00:00Z,6013.72,6171,5850.03,6024.97,1664.307693,1170.8938011999994
2017-10-22T00:00:00Z,6003.27,6060,5720.03,5950.02,1362.092216,1206.2105632999996
2017-10-23T00:00:00Z,5975,6080,5621.03,5915.93,1812.557715,1242.7222708999996
2017-10-24T00:00:00Z,5909.47,5925,5450,5477.03,2580.418767,1328.3199541999995
2017-10-25T00:00:00Z,5506.92,5704.96,5286.98,5689.99,2282.813205,1403.5036825499994
2017-10-26T00:00:00Z,5670.1,5939.99,5650,5861.77,1972.965882,1476.8255178499994
2017-10-27T00:00:00Z,5861.77,5980,5649.24,5768.83,1403.706416,1532.1309636499996
2017-10-28T00:00:00Z,5768.79,5850.02,5630.03,5719.64,1276.754412,1570.0455840499994
2017-10-29T00:00:00Z,5709.98,6189.88,5648.01,6169.98,1804.778173,1627.9613354499993
2017-10-30T00:00:00Z,6133.01,6248.68,6030,6120.5,1473.687043,1649.484598949999
2017-10-31T00:00:00Z,6120.52,6498.01,6100,6463,1511.774925,1687.401875399999
2017-11-01T00:00:00Z,6463,6774.67,6338.02,6753.98,1675.615188,1707.347560699999
2017-11-02T00:00:00Z,6753.98,7300,6685.1,7019.98,2503.610803,1738.536719849999
2017-11-03T00:00:00Z,7010.31,7346.34,6923,7115.04,1891.497592,1784.573647149999
2017-11-04T00:00:00Z,7115.02,7480.99,6901,7357.09,1399.191767,1787.357066749999
2017-11-05T00:00:00Z,7357.27,7590.25,7279.02,7345.01,1207.83233,1771.2988601499987
2017-11-06T00:00:00Z,7345.1,7401,6906,6960.12,1763.019261,1787.9563543999986
2017-11-07T00:00:00Z,6981.72,7198.49,6901,7064.04,1440.259494,1744.0791104499986
2017-11-08T00:00:00Z,7070,7770.02,6651,7303,2822.298802,1791.1079451999983
2017-11-09T00:00:00Z,7303.01,7392,7015,7079.99,1913.398308,1788.1289995999985
2017-11-10T00:00:00Z,7079,7279.91,6255.01,6506.98,3254.704105,1867.6488201999982
2017-11-11T00:00:00Z,6503,6797.98,6100,6245.05,2754.156861,1937.2520524499985
2017-11-12T00:00:00Z,6245.05,6630,5325.01,5811.03,4968.483069,2095.0483201499983
2017-11-13T00:00:00Z,5839.94,6697.47,5699.99,6465.99,2621.243039,2097.0895337499983
2017-11-14T00:00:00Z,6465.99,6684.98,6311.07,6574.99,1254.292531,2045.6635000499984
2017-11-15T00:00:00Z,6575.99,7298,6575.99,7240.06,1779.605845,2035.9954981999986
2017-11-16T00:00:00Z,7240.14,7940,7076,7864.5,2331.95675,2082.4080148999983
2017-11-17T00:00:00Z,7876.98,7989,7451,7699.19,3982.395925,2217.690090549998
2017-11-18T00:00:00Z,7680.01,7819.99,7422,7761.94,3954.266477,2325.164505749998
2017-11-19T00:00:00Z,7761.94,8123.15,7650.33,8038,3867.340444,2444.8471757999982
2017-11-20T00:00:00Z,8057.11,8319.99,7954,8212,3886.634348,2563.590146949998
2017-11-21T00:00:00Z,8212.49,8400,7801,8119.51,4544.474016,2707.0330883499983
2017-11-22T00:00:00Z,8091.09,8322.68,8091.09,8205.92,3545.00571,2759.102833699998
2017-11-23T00:00:00Z,8233.03,8260,8000,8019.99,4093.952687,2869.2255884499978
2017-11-24T00:00:00Z,8019.97,8369,7850,8138,4411.789112,3019.855455699998
2017-11-25T00:00:00Z,8138.99,8734.78,8090,8700.01,4292.623682,3174.0950232999976
2017-11-26T00:00:00Z,8700.04,9350,8604.72,9128.02,4147.380237,3293.313072099998
2017-11-27T00:00:00Z,9128,9654.28,9112.04,9650,4521.625707,3447.381382749998
2017-11-28T00:00:00Z,9650,9939,9570.5,9896.8,4917.210985,3552.126991899998
2017-11-29T00:00:00Z,9896.79,11300.03,8520,9687.88,13352.538715,4124.084012249998
2017-11-30T00:00:00Z,9687.88,10900,8850.8,9838.96,9389.574329,4430.827523449998
2017-12-01T00:00:00Z,9837,10898,9380,10782.99,6134.923633,4599.865862049997
2017-12-02T00:00:00Z,10775.04,11190,10620,10890.01,4765.439757,4589.713696449998
2017-12-03T00:00:00Z,10902.69,11825,10500,11165.41,5346.636524,4725.983370699998
2017-12-04T00:00:00Z,11165.41,11616,10802,11616,4629.769359,4894.7572120999985
2017-12-05T00:00:00Z,11608,11853,11447.68,11699.99,5541.611055,5082.857472599999
2017-12-06T00:00:00Z,11698,13615.23,11665.58,13545.53,6708.407183,5301.679994249998
2017-12-07T00:00:00Z,13545.53,16649.96,13050,16533.11,7488.515184,5476.985957199999
2017-12-08T00:00:00Z,16552.9,17204.99,14015,15880,17590.885276,6158.816897149999
2017-12-09T00:00:00Z,15880,16269.3,12535,14699.97,13914.207707,6661.160260299999
2017-12-10T00:00:00Z,14699.97,15720.12,12368,14946.26,16552.924336,7294.4747597
2017-12-11T00:00:00Z,14901.08,17470,14901.08,16560.02,11822.314528,7658.366785299999
2017-12-12T00:00:00Z,16560.04,16976.45,15875,16350,9438.507116,7953.041855599999
2017-12-13T00:00:00Z,16350,16546,14666.56,16020.42,12415.141113,8369.101276899997
2017-12-14T00:00:00Z,16046.58,16445,15450,16340,11615.766474,8729.300144999997
2017-12-15T00:00:00Z,16339.99,17991,16300.06,17516.81,9181.486777,8973.743299749998
2017-12-16T00:00:00Z,17516.81,19539,17190.01,19102.66,4202.72596,8976.5105859
2017-12-17T00:00:00Z,19102.66,19798.68,18510,18860.02,9178.028006,9209.33070085
2017-12-18T00:00:00Z,18865,19300,17029.98,18856.25,10622.013554,9494.570829299999
2017-12-19T00:00:00Z,18856.25,18950,16300,17295.2,13210.74822,9487.48130455
2017-12-20T00:00:00Z,17295.2,17720.35,14777.66,16488.98,13450.496693,9690.52742275
2017-12-21T00:00:00Z,16480.52,17309.5,14022,15492.64,20324.2173,10399.992106099999
2017-12-22T00:00:00Z,15514.03,15699.34,10961,13326.61,36076.271175,11965.533677
2017-12-23T00:00:00Z,13326.61,14950,12978.18,13300,13141.538875,12355.278794549999
2017-12-24T00:00:00Z,13300,13819.99,11640,13500,28557.534988,13551.667076000002
2017-12-25T00:00:00Z,13500,14300,12708,13699.34,15748.207607,14061.996903600002
2017-12-26T00:00:00Z,13699.34,16050,13533,15689.01,15034.668104,14478.309949650002
2017-12-27T00:00:00Z,15709.98,16498.05,14200.15,15459.99,14959.864723,14851.8774266
2017-12-28T00:00:00Z,15459.97,15539.99,13150,14182.11,21717.858014,15058.226063499998
2017-12-29T00:00:00Z,14199.14,14981,13850,14378.9,18072.008116,15266.116083949997
2017-12-30T00:00:00Z,14378.99,14398.85,11750,12440.01,19221.158039,15399.527769099997
2017-12-31T00:00:00Z,12345.1,14050.11,12149.98,13716.36,11768.989718,15396.861528599995
2018-01-01T00:00:00Z,13715.65,13818.55,12750,13380,8609.915844,15355.431964999996
2018-01-02T00:00:00Z,13382.16,15473.49,12890.02,14675.11,20078.092111,15738.579514899995
2018-01-03T00:00:00Z,14690,15307.56,14150,14919.51,15905.667639,15953.074573149996
2018-01-04T00:00:00Z,14919.51,15280,13918.04,15059.54,21329.649574,16560.482712999994
2018-01-05T00:00:00Z,15059.56,17176.24,14600,16960.39,23251.491125,17512.920971249994
2018-01-06T00:00:00Z,16960.39,17143.13,16011.21,17069.79,18571.457508,17982.592446349994
2018-01-07T00:00:00Z,17069.79,17099.96,15610,16150.03,12493.125558,18076.148046549995
2018-01-08T00:00:00Z,16218.85,16322.3,12812,14902.54,26600.609912,18745.641131149994
2018-01-09T00:00:00Z,14902.54,15500,14011.05,14400,14315.004253,18788.866509149993
2018-01-10T00:00:00Z,14401,14955.66,13131.31,14907.09,17411.001655,18643.205726899992
2018-01-11T00:00:00Z,14940,14968.68,11400,13238.78,33554.723751,18517.12835569999
2018-01-12T00:00:00Z,13238.76,14109.78,12500,13740.01,16417.162137,18680.909518799992
2018-01-13T00:00:00Z,13749.95,14580,13706.15,14210,12221.508528,17864.108195799992
2018-01-14T00:00:00Z,14210,14339.5,12569.2,13474.99,17017.894329,17927.592531899987
2018-01-15T00:00:00Z,13477.98,14249.99,13147.79,13539.93,14652.094705,17908.46386194999
2018-01-16T00:00:00Z,13500,13542.93,9035,10900,63401.169175,20330.52908454999
2018-01-17T00:00:00Z,10899.99,11680.99,9037.94,10988.79,72331.796646,22861.22601614999
2018-01-18T00:00:00Z,10972.59,11878.82,10435.33,10961.97,48464.434937,24380.84735719999
2018-01-19T00:00:00Z,10960,11795,10360,11474.98,34129.375421,25126.25822629999
2018-01-20T00:00:00Z,11474.98,13099,11412.45,12799.94,28768.857827,25976.25163174999
2018-01-21T00:00:00Z,12799.8,12799.8,10965,11530,41379.773426,27614.74451084999
2018-01-22T00:00:00Z,11530,11926.35,9900.24,10760.05,43752.606791,28798.470244849992
2018-01-23T00:00:00Z,10760.05,11399,9905,10799.18,37473.922552,29876.882990499995
2018-01-24T00:00:00Z,10799.14,11570.48,10500,11349.99,27158.587762,30168.329899899993
2018-01-25T00:00:00Z,11349.96,11794.05,10950.21,11175.27,20839.954183,30047.75305279999
2018-01-26T00:00:00Z,11184.7,11643,10311.15,11089,33056.87196,30772.023775399994
2018-01-27T00:00:00Z,11089,11650,10842.69,11491,18860.768345,31090.405914749997
2018-01-28T00:00:00Z,11499.98,12244,11408,11879.95,16887.339524,30604.742395349993
2018-01-29T00:00:00Z,11879.95,11975.02,11139.55,11251,14170.377538,30597.511059599994
2018-01-30T00:00:00Z,11250.11,11308.42,9900,10237.51,25554.372946,31004.67962414999
2018-01-31T00:00:00Z,10230,10425.85,9700,10285.1,18015.956805,30227.741276849985
2018-02-01T00:00:00Z,10285.1,10335,8750.99,9224.52,33564.764311,31085.12138554999
2018-02-02T00:00:00Z,9224.52,9250,8010.02,8873.03,49971.626975,32972.62730789999
2018-02-03T00:00:00Z,8873.03,9473.01,8229,9199.96,28725.000735,33557.982628199985
2018-02-04T00:00:00Z,9199.96,9368,7930,8184.81,32014.308449,34426.09331539999
2018-02-05T00:00:00Z,8179.99,8382.8,6625,6939.99,63402.314482,34426.15058074998
2018-02-06T00:00:00Z,6939.63,7878,6000.01,7652.14,100201.500307,35819.63576379998
2018-02-07T00:00:00Z,7655.02,8476,7150.01,7599,60777.684086,36435.29822124998
2018-02-08T00:00:00Z,7599,7844,7572.09,7784.02,1521.537318,34804.90631609998
2018-02-09T00:00:00Z,7784.02,8738,7784.02,8683.93,20484.570343,34390.69194189998
2018-02-10T00:00:00Z,8683.92,9065.78,8120,8533.98,49379.853135,34790.69592734998
2018-02-11T00:00:00Z,8533.99,8549,7726.53,8063.88,45025.187952,34854.32498539997
2018-02-12T00:00:00Z,8063.82,8989,8053,8903,41987.85049,35080.02138229997
2018-02-13T00:00:00Z,8903,8950,8351,8539.9,35454.972956,35494.840641999974
2018-02-14T00:00:00Z,8535.17,9489.6,8533,9449.99,40811.952867,36493.44057619997
2018-02-15T00:00:00Z,9449.98,10219.5,9301.5,10000.09,52427.596715,37461.97681394997
2018-02-16T00:00:00Z,10000.89,10323.37,9666,10159.98,38161.205974,38426.998695399976
2018-02-17T00:00:00Z,10156.07,11075.07,10050,11039.55,41882.108407,39676.73713954997
2018-02-18T00:00:00Z,11039.55,11274,10080,10383.43,61137.380728,42025.08729904997
2018-02-19T00:00:00Z,10375.01,11250,10270.33,11153,40831.417131,42788.93950829997
2018-02-20T00:00:00Z,11147.11,11786.01,11100.59,11200.99,48153.354288,44295.809382449974
2018-02-21T00:00:00Z,11195.07,11304.03,10200,10437.6,68113.818754,46023.26210459998
2018-02-22T00:00:00Z,10439.02,10933.44,9679,9811.04,67060.166483,46877.689079999975
2018-02-23T00:00:00Z,9815.55,10435,9570.19,10131.04,57202.70237,48301.57416174997
2018-02-24T00:00:00Z,10131.04,10496.97,9352,9694.51,40888.156299,48745.266554249974
2018-02-25T00:00:00Z,9694.51,9847,9274.8,9590,28373.517586,46993.826709449975
2018-02-26T00:00:00Z,9590,10444.32,9350,10324,34878.292756,43727.66633189998
2018-02-27T00:00:00Z,10321,10870,10121,10569.04,30705.385123,42224.051383749975
2018-02-28T00:00:00Z,10584.33,11098,10300,10326.76,30800.983782,43688.02370694998
2018-03-01T00:00:00Z,10325.64,11060.41,10240,10920,25092.55393,43918.42288629998
2018-03-02T00:00:00Z,10923.36,11200,10770,11039,23910.71009,42644.96573404998
2018-03-03T00:00:00Z,11038.99,11544,11015.01,11464.48,21287.15328,41458.06400044998
2018-03-04T00:00:00Z,11464.47,11565,11050.02,11515,17122.482572,40214.79560454998
2018-03-05T00:00:00Z,11515,11710,11415.01,11454,15144.231063,39199.258509899984
2018-03-06T00:00:00Z,11455,11455,10555.48,10716.48,29515.572363,38634.439484699986
2018-03-07T00:00:00Z,10716.48,10899,9389.31,9910,50647.67108,38545.44320294999
2018-03-08T00:00:00Z,9910,10099,9060,9271.64,41109.473226,38692.856565549984
2018-03-09T00:00:00Z,9267.07,9410,8329,9227,64112.291407,39804.36571554998
2018-03-10T00:00:00Z,9230,9490,8667.07,8770.22,37180.012857,38606.49732199999
2018-03-11T00:00:00Z,8770.22,9740,8450,9533.57,44325.973386,38781.22513474999
2018-03-12T00:00:00Z,9533.57,9888.88,8780,9131.34,42230.347513,38485.074795999986
2018-03-13T00:00:00Z,9131.34,9474,8823,9150,40191.409358,37088.95432619999
2018-03-14T00:00:00Z,9151.92,9333.78,7900.28,8170,49708.094108,36221.350707449994
2018-03-15T00:00:00Z,8184.01,8430,7650,8240.98,52291.022277,35975.76670279999
2018-03-16T00:00:00Z,8240.98,8611.64,7900,8260,38815.409893,35872.129382499996
2018-03-17T00:00:00Z,8260,8348.62,7721.99,7824.8,33110.206329,36108.96381964999
2018-03-18T00:00:00Z,7824.01,8317.4,7322,8189.99,59488.231711,37339.46076739999
2018-03-19T00:00:00Z,8189,8705.23,8088.4,8600,55297.084942,38569.04575834999
2018-03-20T00:00:00Z,8595.01,9050,8280,8909.98,44863.376166,39272.16537754999
2018-03-21T00:00:00Z,8909.96,9177.01,8750.6,8885,39972.405371,40016.15794959998
2018-03-22T00:00:00Z,8884.82,9100,8465.1,8722.9,40617.556809,40851.500285549984
2018-03-23T00:00:00Z,8720,8909,8269,8898.03,39990.868008,41786.68602194999
2018-03-24T00:00:00Z,8898.04,8999.95,8491,8546.86,35466.609572,42703.89237194999
2018-03-25T00:00:00Z,8531.25,8669.85,8365.77,8470.15,29001.769316,43396.769284599985
2018-03-26T00:00:00Z,8470.14,8514.89,7831,8134.23,44031.973832,44122.58935804998
2018-03-27T00:00:00Z,8134.22,8215.94,7730,7795.51,37427.64805,43461.58820654998
2018-03-28T00:00:00Z,7795.51,8109,7728,7949.3,26401.33167,42726.18112874999
2018-03-29T00:00:00Z,7949.3,7975,6941.11,7090.14,54620.915125,42251.61231464999
2018-03-30T00:00:00Z,7090.16,7292.43,6600.1,6840.23,65306.031976,43657.91327059999
2018-03-31T00:00:00Z,6840.24,7223.36,6777,6923.91,36868.539087,43285.04155564999
2018-04-01T00:00:00Z,6922,7049.98,6430,6813.01,44071.430463,43377.095703149986
2018-04-02T00:00:00Z,6813.01,7125,6765,7056,32123.560072,42973.70323884998
2018-04-03T00:00:00Z,7063.97,7520,7011.01,7405.21,37787.331811,42377.66512399998
2018-04-04T00:00:00Z,7405.21,7427.52,6707,6796.1,42227.183804,41874.47320034998
2018-04-05T00:00:00Z,6796.1,6902,6566.69,6770.76,39029.73146,41885.18927869998
2018-04-06T00:00:00Z,6770,6850,6500,6601.39,27455.01192,41602.42955824998
2018-04-07T00:00:00Z,6601.39,7070,6586.28,6895.8,32269.578267,40241.49688604999
2018-04-08T00:00:00Z,6895.81,7109.13,6880,7018,21427.673165,38548.02629719999
2018-04-09T00:00:00Z,7011.04,7185,6611,6782.72,34078.297206,38008.772349199986
2018-04-10T00:00:00Z,6781.55,6890,6656,6843.9,22326.728095,37126.48848539999
2018-04-11T00:00:00Z,6839.56,6990,6787,6953.79,23997.871177,36295.50420379999
2018-04-12T00:00:00Z,6953.78,8012.23,6743.2,7923,64861.595987,37539.04060274999
2018-04-13T00:00:00Z,7922.99,8233.39,7732,7877.41,55044.523148,38517.93628154999
2018-04-14T00:00:00Z,7877.48,8186,7810,7999.01,31621.286357,38648.912133599995
2018-04-15T00:00:00Z,8004,8429.54,7999.02,8355,27945.872618,37844.60707289999
2018-04-16T00:00:00Z,8355.07,8419,7867,8064.92,36664.069715,37806.428156149996
2018-04-17T00:00:00Z,8064.92,8173.7,7825.4,7885.02,32152.603567,38093.991750999994
2018-04-18T00:00:00Z,7890.96,8236.43,7868,8173,26969.04457,36711.39822324999
2018-04-19T00:00:00Z,8173.99,8296,8080,8278,27113.847464,34801.78899764999
2018-04-20T00:00:00Z,8273.84,8930,8177.09,8856.98,39795.337485,34948.12891754999
2018-04-21T00:00:00Z,8852.12,9035,8565,8915.31,40872.229909,34788.16888984999
2018-04-22T00:00:00Z,8915.31,9020.67,8727.68,8787.02,29458.25348,34654.90356024999
2018-04-23T00:00:00Z,8785.7,8985,8745,8934.01,25838.114709,34057.44270514999
2018-04-24T00:00:00Z,8934,9731.01,8922,9619.99,46268.790106,34259.52302024999
2018-04-25T00:00:00Z,9618.96,9759.82,8730,8869.99,81110.037589,36363.538326699985
2018-04-26T00:00:00Z,8869.99,9307.48,8651.62,9266,43300.304245,37155.80294294999
2018-04-27T00:00:00Z,9267.03,9395,8889,8915.35,37241.347036,37404.39138139998
2018-04-28T00:00:00Z,8915.35,9427.48,8870,9348,34759.62842,38070.98914414998
2018-04-29T00:00:00Z,9348,9570.51,9163.74,9419,38149.850035,38274.566785599985
2018-04-30T00:00:00Z,9417.04,9458.64,9124.99,9246.01,35002.033875,38908.33207459998
2018-05-01T00:00:00Z,9246.01,9248.99,8800.49,9071.48,41018.463633,39759.36169739998
2018-05-02T00:00:00Z,9071.48,9268,8970.2,9247.84,26123.543961,37822.459096099985
2018-05-03T00:00:00Z,9247.81,9844,9168.4,9750,38768.388288,37008.652353099984
2018-05-04T00:00:00Z,9750,9830.04,9520.85,9713.99,28681.588879,36861.66747919998
2018-05-05T00:00:00Z,9714,10020,9682,9864,24990.018345,36713.87476554998
2018-05-06T00:00:00Z,9863.99,9970,9417.03,9659.01,27690.351559,36265.188857749985
2018-05-07T00:00:00Z,9661.02,9689.67,9181,9365,33787.640012,36346.940679999985
2018-05-08T00:00:00Z,9365,9475.7,9060.54,9187.56,25533.831889,36275.18004594998
2018-05-09T00:00:00Z,9178,9390,8965,9310,25673.524899,36203.16391769998
2018-05-10T00:00:00Z,9310,9395.12,8970,9002.2,25055.063718,35466.15022934998
2018-05-11T00:00:00Z,9002.21,9016.8,8341,8400,48227.048061,35833.89113694998
2018-05-12T00:00:00Z,8405.94,8646.88,8153,8465.94,40241.32081,36373.04450344997
2018-05-13T00:00:00Z,8475.44,8763.36,8298,8679.71,25632.869362,36362.78223609998
2018-05-14T00:00:00Z,8679.71,8879.99,8277,8663.34,37389.666533,35918.82605744997
2018-05-15T00:00:00Z,8663.37,8859.99,8401.3,8462,28126.956136,33269.67198479998
2018-05-16T00:00:00Z,8462,8488,8083.01,8330,31130.22498,32661.168021549973
2018-05-17T00:00:00Z,8330,8464,7979,8041.46,25439.844799,32071.092909699968
2018-05-18T00:00:00Z,8038.82,8273.21,7911.9,8239.81,23476.158251,31506.919401249972
2018-05-19T00:00:00Z,8238.01,8390.8,8095.73,8233.49,17193.424276,30459.09811329997
2018-05-20T00:00:00Z,8233.49,8609,8163.9,8526.98,19957.057109,29706.849274999975
2018-05-21T00:00:00Z,8526.97,8595.31,8305,8381.24,21516.596486,28731.75591764997
2018-05-22T00:00:00Z,8386.89,8400.18,7935.11,7977.11,23710.902858,28611.12386249997
2018-05-23T00:00:00Z,7977.12,8031.9,7425,7501.95,42908.692673,28818.13908174997
2018-05-24T00:00:00Z,7501.95,7730.73,7266.99,7575.01,37845.446595,29276.33196754997
2018-05-25T00:00:00Z,7578.99,7649.55,7308.15,7457,26739.95664,29363.828882299968
2018-05-26T00:00:00Z,7456.99,7620,7300,7333.96,19464.086071,28952.515607899968
2018-05-27T00:00:00Z,7334,7400,7231.11,7338.99,18706.945515,28198.48088304997
2018-05-28T00:00:00Z,7338.99,7437,7058.02,7099,27219.438963,28282.761236749968
2018-05-29T00:00:00Z,7099,7540,7032.95,7461.29,39406.83952,28969.426967799973
2018-05-30T00:00:00Z,7467.98,7569,7260.5,7375.96,32041.583623,29318.75296304997
2018-05-31T00:00:00Z,7382.07,7699,7327.51,7485.01,30776.063102,28446.203715099975
2018-06-01T00:00:00Z,7485.01,7608.55,7355.54,7521.01,28258.863851,27847.080867149976
2018-06-02T00:00:00Z,7521.01,7697.33,7437,7640.03,26720.690219,27901.471909999975
2018-06-03T00:00:00Z,7636.81,7786.69,7600,7714.26,27505.158951,27407.246530899974
2018-06-04T00:00:00Z,7714.26,7760.52,7446.5,7487,32258.835115,27613.840479849976
2018-06-05T00:00:00Z,7487,7679.49,7358,7625,31722.492978,27643.453879749977
2018-06-06T00:00:00Z,7626.64,7699,7467.05,7658.84,27229.991898,27732.961234699982
2018-06-07T00:00:00Z,7658.79,7765,7620,7691.08,25062.227202,27812.26468224998
2018-06-08T00:00:00Z,7691.08,7703.5,7531,7603.44,23396.804671,28122.43370199998
2018-06-09T00:00:00Z,7603.44,7683.98,7450,7491.73,19339.885176,28091.575105349977
2018-06-10T00:00:00Z,7491.73,7491.73,6622.81,6764.99,52342.020032,29632.846282649978
2018-06-11T00:00:00Z,6765,6922,6610,6872,34552.162303,30174.909254899976
2018-06-12T00:00:00Z,6872,6890.51,6435,6530,36722.211191,29865.58518079997
2018-06-13T00:00:00Z,6530,6627.6,6118.68,6292.78,46185.5181,30282.588756049972
2018-06-14T00:00:00Z,6292.78,6720,6260,6635.98,44478.130837,31169.49746589997
2018-06-15T00:00:00Z,6638.67,6666.66,6362.31,6388.9,30018.329905,31697.209657599975
2018-06-16T00:00:00Z,6380.01,6560,6320.86,6483.98,22277.241147,31875.724439199974
2018-06-17T00:00:00Z,6482.5,6589.03,6422,6449.61,19847.247688,31507.114875449974
2018-06-18T00:00:00Z,6444.06,6794.38,6380,6712.46,31821.434995,31127.84464919997
2018-06-19T00:00:00Z,6711.39,6841.74,6653,6741.21,24311.421143,30741.336525199975
2018-06-20T00:00:00Z,6740,6817.23,6551.81,6761.51,26353.272094,30520.196974799976
2018-06-21T00:00:00Z,6763.21,6795,6672.57,6718.84,25428.854048,30378.696484649972
2018-06-22T00:00:00Z,6717.69,6733.97,5918.94,6045,52157.370833,31650.530515349976
2018-06-23T00:00:00Z,6045.92,6260,6008.48,6149.98,26622.788589,31606.41199724998
2018-06-24T00:00:00Z,6149.98,6259.8,5750,6136.97,47445.998955,32365.770189249975
2018-06-25T00:00:00Z,6137.95,6350,6061.97,6252,39164.515306,32737.871305649976
2018-06-26T00:00:00Z,6252,6272.54,6035,6070.78,19377.240484,32345.233734949976
2018-06-27T00:00:00Z,6065.89,6190.43,5971,6133.73,19225.671098,32053.405929749977
2018-06-28T00:00:00Z,6134.73,6173.01,5827,5853.98,30585.266026,32412.82899749998
2018-06-29T00:00:00Z,5851.01,6300,5780,6197.92,33911.287278,33141.399102599986
2018-06-30T00:00:00Z,6197.92,6528.99,6186.03,6390.07,37919.61284,32420.27874299998
2018-07-01T00:00:00Z,6391.08,6441.06,6251,6356.81,27562.965974,32070.818926549982
2018-07-02T00:00:00Z,6360.82,6685,6271.62,6615.29,36230.452264,32046.230980199984
2018-07-03T00:00:00Z,6615.29,6679.35,6463.01,6513.86,38657.781691,31669.844159749984
2018-07-04T00:00:00Z,6511.01,6784.92,6441.11,6586.98,23571.892777,30624.532256749982
2018-07-05T00:00:00Z,6585.53,6712,6453.33,6529.2,35071.972898,30877.21440639998
2018-07-06T00:00:00Z,6529.2,6648.54,6425,6609.78,29397.094748,31233.207086449984
2018-07-07T00:00:00Z,6609.79,6818.16,6508.88,6756.98,23973.876886,31439.538546349988
2018-07-08T00:00:00Z,6753.48,6780,6667.44,6712.1,24622.947794,31079.614186299987
2018-07-09T00:00:00Z,6712.1,6802.06,6612.24,6662.12,26732.40655,31200.663456649985
2018-07-10T00:00:00Z,6662.78,6681,6263,6296.91,38560.672702,31811.033487049986
2018-07-11T00:00:00Z,6296.91,6406,6278.99,6378.07,28715.498487,31975.365708999987
2018-07-12T00:00:00Z,6378.07,6380.28,6070,6250.57,31306.663348,30932.830334749986
2018-07-13T00:00:00Z,6251.4,6350,6110,6214.57,26375.325286,30920.457169599988
2018-07-14T00:00:00Z,6214.57,6335,6178,6251.99,17783.071999,29437.31082179999
2018-07-15T00:00:00Z,6250.9,6395,6225.4,6353.01,22979.211508,28628.045631899993
2018-07-16T00:00:00Z,6354.15,6747.3,6330.4,6723.35,36204.87708,29469.427461699997
2018-07-17T00:00:00Z,6723.33,7468.99,6652.04,7317.44,52105.423459,31113.415079749993
2018-07-18T00:00:00Z,7317.44,7588.08,7225.38,7381.9,59487.64345,32558.53395094999
2018-07-19T00:00:00Z,7381.88,7576.28,7270,7466.21,41218.256437,32923.88240889999
2018-07-20T00:00:00Z,7468.86,7700,7273,7337.53,46140.313447,33334.91743924999
2018-07-21T00:00:00Z,7337.47,7458.47,7211,7398.78,28886.490291,33401.09365509999
2018-07-22T00:00:00Z,7399.25,7582.4,7335.5,7394.79,30270.21844,33103.08196389999
2018-07-23T00:00:00Z,7394.78,7833,7375,7721.01,41646.346671,33252.510212899986
2018-07-24T00:00:00Z,7721.65,8486,7696,8397.24,60121.163749,35079.97376149999
2018-07-25T00:00:00Z,8397.24,8491.77,8050,8175.64,48257.649124,35739.25757279999
2018-07-26T00:00:00Z,8175.63,8315.69,7850.06,7920,43223.481682,36430.57691949998
2018-07-27T00:00:00Z,7920,8285,7805,8188.57,43671.005891,37415.43336974998
2018-07-28T00:00:00Z,8188.57,8246.54,8067,8225.04,26215.173839,37495.04467199998
2018-07-29T00:00:00Z,8225.04,8294.51,8115,8211,25531.226185,37434.98565374999
2018-07-30T00:00:00Z,8210.99,8273,7866,8173.92,39692.416542,37491.572845749986
2018-07-31T00:00:00Z,8171.4,8180,7633,7730.93,48296.915587,38470.643700749984
2018-08-01T00:00:00Z,7735.67,7750,7430,7604.58,42582.312932,39034.42617994999
2018-08-02T00:00:00Z,7600.08,7709.46,7455.72,7525.71,37665.696684,39598.94474984998
2018-08-03T00:00:00Z,7525.71,7540,7282.44,7418.78,44669.486047,40943.26545224998
2018-08-04T00:00:00Z,7412.27,7494.81,6926,7009.84,36288.42601,41608.726177349985
2018-08-05T00:00:00Z,7009.84,7089.87,6882.29,7024.19,32894.849782,41443.22481244998
2018-08-06T00:00:00Z,7024.19,7160,6821,6934.82,32760.191643,40475.96322164998
2018-08-07T00:00:00Z,6935,7150.46,6670,6720.06,45438.473501,39773.504724199986
2018-08-08T00:00:00Z,6720.63,6721.54,6123,6285,59550.536319,40690.11871829998
2018-08-09T00:00:00Z,6283.27,6622.81,6178.6,6529.79,51941.185111,40980.16230149998
2018-08-10T00:00:00Z,6529.79,6575.88,6026.39,6144.01,59034.974902,42487.58653204998
2018-08-11T00:00:00Z,6148.13,6488,5971,6232.35,47133.418555,43330.74653779998
2018-08-12T00:00:00Z,6222.55,6472.3,6130,6308.33,38567.770712,43176.81773984998
2018-08-13T00:00:00Z,6308.56,6545,6145.04,6246.35,53895.828783,42865.55099154998
2018-08-14T00:00:00Z,6248.25,6250.33,5880,6188.08,50186.745091,42962.00578989998
2018-08-15T00:00:00Z,6188.08,6609,6172.11,6267.16,68806.687026,44241.16605709998
2018-08-16T00:00:00Z,6265.27,6480,6205.6,6311.75,48515.254618,44483.37849344998
2018-08-17T00:00:00Z,6316,6585,6285.4,6584.49,57851.610803,46065.20034164998
2018-08-18T00:00:00Z,6579.04,6620,6288,6387.96,53742.322172,47475.75514099997
2018-08-19T00:00:00Z,6387.96,6541,6300,6477.53,45190.847994,47750.67671359997
2018-08-20T00:00:00Z,6477.53,6530,6220,6254.84,49435.55526,47807.608697249976
2018-08-21T00:00:00Z,6251,6500,6235.08,6480,41569.947408,47756.99042104997
2018-08-22T00:00:00Z,6479.98,6882.54,6251.2,6360.89,77909.391359,49769.175154799974
2018-08-23T00:00:00Z,6362.57,6576.99,6342.28,6525.01,40358.166825,49553.60919369997
2018-08-24T00:00:00Z,6525,6725,6440.5,6681.64,38305.675322,49654.47165929997
2018-08-25T00:00:00Z,6686.98,6789,6650.61,6733.64,19220.505929,48970.754466649974
2018-08-26T00:00:00Z,6733.64,6775.27,6568,6700,20107.297208,48338.10974489997
2018-08-27T00:00:00Z,6700,6940.51,6646.5,6908.64,37747.078747,47953.54000719997
2018-08-28T00:00:00Z,6907.26,7135,6860,7076.11,48352.917163,47393.65904939997
2018-08-29T00:00:00Z,7077,7133.81,6912.34,7031.22,43252.487392,46959.22416344997
2018-08-30T00:00:00Z,7033.21,7063.63,6784.81,6984.84,44716.77462,46243.31414934997
2018-08-31T00:00:00Z,6984.84,7089,6888,7011.21,40467.400638,45910.01325349997
2018-09-01T00:00:00Z,7011.21,7275,7008.74,7200.01,40323.414093,45997.79542254998
2018-09-02T00:00:00Z,7201.57,7345.45,7127,7302.01,39814.840352,45293.74600099998
2018-09-03T00:00:00Z,7302,7338.28,7191.63,7263.02,32396.018371,44404.20966499997
2018-09-04T00:00:00Z,7263,7410,7227.17,7359.06,35300.640518,42728.90733959997
2018-09-05T00:00:00Z,7359.05,7397.3,6682,6700,63635.61563,43484.92539019998
2018-09-06T00:00:00Z,6697.27,6725,6265,6516.01,60644.464227,43624.56806139997
2018-09-07T00:00:00Z,6516.84,6544,6320,6395.54,38906.28805,42882.76635529997
2018-09-08T00:00:00Z,6395.54,6478,6111,6185.05,38215.032171,42533.97556414998
2018-09-09T00:00:00Z,6185.06,6441,6141.53,6250.81,37053.92382,41914.89399214998
2018-09-10T00:00:00Z,6252.26,6373.98,6221,6312,32439.456432,41458.36944334998
2018-09-11T00:00:00Z,6311.99,6404,6169.68,6294.91,33104.88859,39218.14430489998
2018-09-12T00:00:00Z,6293,6360,6192.37,6338.62,31433.645939,38771.918260599974
2018-09-13T00:00:00Z,6338.62,6535,6337.4,6487.38,40465.063107,38879.887649849974
2018-09-14T00:00:00Z,6487.39,6584.99,6385.62,6476.63,37173.339277,39777.52931724997
2018-09-15T00:00:00Z,6476.63,6565.45,6466.13,6514.96,25243.656612,40034.34728744997
2018-09-16T00:00:00Z,6514.96,6524.62,6370,6505,27568.132897,39525.39999494997
2018-09-17T00:00:00Z,6500.08,6533.84,6201,6248.69,35987.254738,38907.116873699975
2018-09-18T00:00:00Z,6248.69,6390,6224.98,6336.45,32620.86667,38375.53583759997
2018-09-19T00:00:00Z,6336.39,6517.7,6123,6391.89,39044.080082,38091.90111069997
2018-09-20T00:00:00Z,6392,6540,6325,6492,25189.024728,37327.98231519997
2018-09-21T00:00:00Z,6492,6784.86,6491,6759.02,51779.343463,37900.77878369998
2018-09-22T00:00:00Z,6759.01,6839.03,6627,6723.05,29349.690667,37377.521299449974
2018-09-23T00:00:00Z,6723.05,6788.23,6661.75,6708,30286.229773,37272.03186954998
2018-09-24T00:00:00Z,6706.81,6730,6557,6581.39,35305.73991,37272.28683914998
2018-09-25T00:00:00Z,6581.42,6584.01,6325.02,6447.54,40301.029452,36105.55753024998
2018-09-26T00:00:00Z,6445.11,6557.99,6379.7,6465.12,33484.54207,34747.56142239998
2018-09-27T00:00:00Z,6467.84,6750,6434,6689.13,33087.428297,34456.61843474998
2018-09-28T00:00:00Z,6689.12,6814.8,6540.88,6634.58,42399.448523,34665.83925234998
2018-09-29T00:00:00Z,6634.58,6636,6464.57,6596.38,30255.9597,34325.94104634998
2018-09-30T00:00:00Z,6597.66,6662,6533,6626.57,27764.724519,34092.20445069998
2018-10-01T00:00:00Z,6626.57,6667.09,6510,6611.61,20621.506894,33468.03536589998
2018-10-02T00:00:00Z,6610,6640,6494,6525.79,28245.810088,33308.64357334998
2018-10-03T00:00:00Z,6525.79,6549,6430,6510,28451.969138,32707.988874899987
2018-10-04T00:00:00Z,6510.01,6643.46,6505.09,6593.79,20074.300818,31853.036951949984
2018-10-05T00:00:00Z,6591.69,6697,6543.08,6635.65,16096.552392,31395.681740949985
2018-10-06T00:00:00Z,6635.65,6651,6566.77,6594.27,10939.505391,30564.250365649983
2018-10-07T00:00:00Z,6596.44,6640,6525,6615.26,17406.831762,29635.229216849984
2018-10-08T00:00:00Z,6615.26,6715.6,6587,6673.01,23123.419541,29160.356860399985
2018-10-09T00:00:00Z,6673.01,6685.38,6607,6656.61,15354.779469,27975.891829749984
2018-10-10T00:00:00Z,6656.67,6659.95,6530,6631,15390.661444,27485.97366554998
2018-10-11T00:00:00Z,6630.21,6633.92,6205,6252.68,48706.634966,27332.338240699977
2018-10-12T00:00:00Z,6252.71,6360,6209,6298.01,29004.071419,27315.057278299977
2018-10-13T00:00:00Z,6298,6345,6285.07,6332.93,19098.070025,26755.64929089998
2018-10-14T00:00:00Z,6332.92,6416,6308,6339.34,15627.411314,25771.73286109998
2018-10-15T00:00:00Z,6339.34,7680,6300,6752.5,90748.031246,28294.08295079998
2018-10-16T00:00:00Z,6752.5,6900,6670,6759.27,27557.957764,27997.753735499988
2018-10-17T00:00:00Z,6762.76,6811.12,6676.01,6740.89,26641.431379,27675.453889599983
2018-10-18T00:00:00Z,6739.01,6796,6567,6618.96,20116.521941,26561.307560499983
2018-10-19T00:00:00Z,6618.96,6648.14,6523,6528.88,20772.60077,26087.139613999985
2018-10-20T00:00:00Z,6528.88,6617.65,6505.55,6588.4,19240.722247,25660.93950039999
2018-10-21T00:00:00Z,6585.72,6663.9,6580,6590.11,6515.357792,24955.632045299986
2018-10-22T00:00:00Z,6590.12,6639,6535.27,6581.2,16213.69266,24354.02617389999
2018-10-23T00:00:00Z,6581.2,6595,6515.45,6553.51,13856.601756,23624.257804799992
2018-10-24T00:00:00Z,6553.51,6630,6547.53,6565.5,11951.543977,23218.119962749992
2018-10-25T00:00:00Z,6566.81,6575.09,6502.8,6528.09,10342.701244,22930.42740534999
2018-10-26T00:00:00Z,6528.13,6600,6515.01,6538.63,9443.504156,22855.62734359999
2018-10-27T00:00:00Z,6538.63,6558.35,6463.04,6505.6,7776.907864,22374.13114869999
2018-10-28T00:00:00Z,6505.6,6514.17,6453,6489.93,5743.933728,21505.15685804999
2018-10-29T00:00:00Z,6489.93,6505.01,6315,6344.5,13827.224067,21428.779087949988
2018-10-30T00:00:00Z,6344.5,6395,6317.01,6330.87,8877.175385,21103.10478499999
2018-10-31T00:00:00Z,6330.01,6428,6245.02,6371.93,12148.888216,19275.21744749999
2018-11-01T00:00:00Z,6369.52,6442.65,6348.66,6410,9099.035841,18279.965668599987
2018-11-02T00:00:00Z,6410,6460.34,6388.2,6433.98,9739.440679,17812.034201299986
2018-11-03T00:00:00Z,6432.8,6439.97,6345,6387.09,7661.241476,17413.725709399987
2018-11-04T00:00:00Z,6388,6525,6359,6485.85,10592.394943,13405.943894249987
2018-11-05T00:00:00Z,6485.85,6504.39,6431.02,6468.99,8987.882156,12477.440113849987
2018-11-06T00:00:00Z,6468.99,6531.31,6445.18,6519.11,11926.565699,11741.696829849987
2018-11-07T00:00:00Z,6522.73,6615.15,6509,6578.46,14271.591117,11449.450288649987
2018-11-08T00:00:00Z,6578.46,6594,6468.22,6479.84,13259.789282,11073.809714249988
2018-11-09T00:00:00Z,6479.84,6511.53,6391.01,6419.99,11787.616583,10701.154431049988
2018-11-10T00:00:00Z,6419.99,6475.55,6411,6433.05,7714.829926,10761.12803774999
2018-11-11T00:00:00Z,6435.16,6462.14,6355,6449.81,8213.507117,10361.11876059999
2018-11-12T00:00:00Z,6450.71,6497,6421,6453.07,10132.782567,10174.927801149988
2018-11-13T00:00:00Z,6451.68,6498,6391.15,6457.66,11790.564933,10166.87884894999
2018-11-14T00:00:00Z,6458.98,6482.84,5656.87,5922.41,46478.964003,11973.691986899988
2018-11-15T00:00:00Z,5917.2,5939.54,5403.42,5753.4,47700.829401,13886.55824914999
2018-11-16T00:00:00Z,5757.09,5782.89,5549.25,5655.94,38721.802274,15433.80296964999
2018-11-17T00:00:00Z,5650.57,5656.6,5565.43,5628.29,26411.241413,16467.16835389999
2018-11-18T00:00:00Z,5630.49,5738.17,5617,5662,23844.999347,16968.05711789999
2018-11-19T00:00:00Z,5661.94,5664,4855,4910.03,70580.892856,20053.242991449988
2018-11-20T00:00:00Z,4913.4,5048.24,4326,4558.86,117380.95159,25314.84616014999
2018-11-21T00:00:00Z,4559.91,4787.2,4413.85,4661.07,61071.829475,27913.485841849993
2018-11-22T00:00:00Z,4661.08,4721.77,4335,4370,34531.119143,29153.069765049993
2018-11-23T00:00:00Z,4370.9,4484,4222.94,4420.61,49371.920322,31238.603707349994
2018-11-24T00:00:00Z,4415.63,4527,3824.69,3932.44,61693.111006,33793.63951049999
2018-11-25T00:00:00Z,3933.68,4233,3652.66,4085.78,101693.975588,38428.94418209999
2018-11-26T00:00:00Z,4088.69,4206,3701,3862.2,94503.750767,42557.80343549999
2018-11-27T00:00:00Z,3864.45,3940,3689.12,3875.21,67480.607212,45218.25424025
2018-11-28T00:00:00Z,3875.63,4394.47,3874.27,4264.85,91983.567949,49154.4431736
2018-11-29T00:00:00Z,4262.06,4450.38,4125.65,4295.84,73980.198669,52264.07227789999
2018-11-30T00:00:00Z,4295.72,4341.36,3943,4041.32,67758.446283,55266.25309575
2018-12-01T00:00:00Z,4041.27,4299.99,3963.01,4190.02,44840.073481,57097.58141395
2018-12-02T00:00:00Z,4190.98,4312.99,4103.04,4161.01,38912.15479,58536.550025100005
2018-12-03T00:00:00Z,4160.55,4179,3827,3884.01,49094.369163,60401.74023660001
2018-12-04T00:00:00Z,3884.76,4085,3781,3951.64,48489.551613,60502.26961710001
2018-12-05T00:00:00Z,3950.98,3970,3745,3769.84,44004.799448,60317.468119450015
2018-12-06T00:00:00Z,3768.44,3899.99,3500,3508.75,68378.796943,61800.31785290003
2018-12-07T00:00:00Z,3508.75,3549.99,3224.6,3403.55,95145.457442,65237.028654350026
2018-12-08T00:00:00Z,3403.57,3495,3222,3410.93,55365.949949,66813.07618445004
2018-12-09T00:00:00Z,3411.36,3658,3394.04,3545.37,45956.893296,65581.87620645003
2018-12-10T00:00:00Z,3548.49,3610,3370.11,3432.88,40989.244553,61762.29085460004
2018-12-11T00:00:00Z,3434.01,3480,3324.32,3380.39,35920.864154,60504.74258855004
2018-12-12T00:00:00Z,3379.23,3492,3350,3445,33922.931286,60474.333195700034
2018-12-13T00:00:00Z,3446.38,3460,3255.5,3302.06,40040.917013,60007.78303025003
2018-12-14T00:00:00Z,3302.06,3335.39,3177,3224.17,44492.983807,59147.77667030003
2018-12-15T00:00:00Z,3225.19,3276.5,3156.26,3211.72,29796.041436,55552.87996270003
2018-12-16T00:00:00Z,3211.71,3294,3186,3228.67,24628.808538,52059.13285125003
2018-12-17T00:00:00Z,3229.22,3585,3216,3509.08,66761.751697,52023.19007550004
2018-12-18T00:00:00Z,3509.03,3678.59,3424.47,3652.98,61369.615257,50492.49244090003
2018-12-19T00:00:00Z,3653,3912.73,3622.55,3662.22,94137.341014,51500.34955815003
2018-12-20T00:00:00Z,3660.01,4120,3635,4049.62,101543.835986,53189.61904330003
2018-12-21T00:00:00Z,4051.86,4139.99,3764,3838.66,82343.850112,55064.807874850034
2018-12-22T00:00:00Z,3840.25,3979,3785,3948.91,42822.350872,55260.31767895003
2018-12-23T00:00:00Z,3948.91,4021.53,3870,3929.71,40117.531529,54811.47579725003
2018-12-24T00:00:00Z,3929.71,4198,3924.83,4008.01,64647.809129,55619.38867305002
2018-12-25T00:00:00Z,4010.11,4020,3646.41,3745.79,62725.629432,56555.430172250024
2018-12-26T00:00:00Z,3745.56,3837.15,3656.74,3777.74,42629.375817,55267.95911595002
2018-12-27T00:00:00Z,3777.74,3813.98,3535,3567.91,44097.392912,52715.55588945001
2018-12-28T00:00:00Z,3567.89,3887.25,3540.04,3839.26,45964.304987,52245.47364135001
2018-12-29T00:00:00Z,3839,3892,3670,3695.32,38874.373903,51891.347671700016
2018-12-30T00:00:00Z,3696.71,3903.5,3657.9,3801.91,33222.369262,51503.003907150014
2018-12-31T00:00:00Z,3803.12,3810,3630.33,3702.9,29991.77835,51206.54961695002
2019-01-01T00:00:00Z,3701.23,3810.16,3642,3797.14,23741.687033,50697.48740430002
2019-01-02T00:00:00Z,3796.45,3882.14,3750.45,3858.56,35156.463369,50453.26472210002
2019-01-03T00:00:00Z,3857.57,3862.74,3730,3766.78,29406.948359,49698.96294970003
2019-01-04T00:00:00Z,3767.2,3823.64,3703.57,3792.01,29519.554671,49685.13861145002
2019-01-05T00:00:00Z,3790.09,3840.99,3751,3770.96,30490.667751,49978.23157210003
2019-01-06T00:00:00Z,3771.12,4027.71,3740,3987.6,36553.806709,48467.83432270003
2019-01-07T00:00:00Z,3987.62,4017.9,3921.53,3975.45,31869.846264,46992.84587305003
2019-01-08T00:00:00Z,3976.76,4069.8,3903,3955.13,38901.423122,44231.04997845003
2019-01-09T00:00:00Z,3955.45,4006.81,3930.04,3966.65,28989.439511,40603.33015470002
2019-01-10T00:00:00Z,3966.06,3996.01,3540,3585.88,59402.22851,39456.249074600026
2019-01-11T00:00:00Z,3585.88,3658,3465,3601.31,38338.654733,39232.06426765003
2019-01-12T00:00:00Z,3601.31,3618.19,3530,3583.13,21999.928354,38326.18410890002
2019-01-13T00:00:00Z,3584.1,3611.1,3441.3,3476.81,26385.757454,36413.081525150024
2019-01-14T00:00:00Z,3477.56,3671.87,3467.02,3626.09,35235.211215,35038.560614300026
2019-01-15T00:00:00Z,3626.08,3648.42,3516.62,3553.06,34137.997459,34613.99169640002
2019-01-16T00:00:00Z,3553.06,3645,3543.51,3591.84,27480.179977,33783.13104965002
2019-01-17T00:00:00Z,3591.84,3634.7,3530.39,3616.21,29755.440838,32972.68784220003
2019-01-18T00:00:00Z,3613.32,3620,3565.75,3594.87,22713.446755,32164.641484800028
2019-01-19T00:00:00Z,3594.87,3720,3594.23,3665.3,22171.578123,31612.101927850028
2019-01-20T00:00:00Z,3665.75,3693.73,3475,3539.28,27901.938598,31507.609940250026
2019-01-21T00:00:00Z,3539.26,3559.51,3475.5,3526.9,19644.436839,31302.74743055002
2019-01-22T00:00:00Z,3526.88,3608.5,3434.85,3570.93,29336.442967,31011.746410450018
2019-01-23T00:00:00Z,3570.41,3607.98,3514.5,3552.82,24938.842698,30788.341127400017
2019-01-24T00:00:00Z,3552.97,3589,3529.22,3569.62,20826.25118,30353.67595285002
2019-01-25T00:00:00Z,3569.07,3587.15,3522.51,3565.29,17608.346671,29709.55989885002
2019-01-26T00:00:00Z,3566.69,3662.94,3545,3565.25,19476.532344,28855.696180600014
2019-01-27T00:00:00Z,3565.62,3579,3486,3550.84,22735.598162,28398.98377550001
2019-01-28T00:00:00Z,3550.05,3557.75,3380.27,3434.15,40405.111401,28474.168189450014
2019-01-29T00:00:00Z,3434,3443.45,3349.92,3411.04,29544.928977,28501.942662750014
2019-01-30T00:00:00Z,3410.04,3478,3387.1,3458.18,23968.260243,26730.24424940002
2019-01-31T00:00:00Z,3457.5,3489.2,3418.8,3434.1,29607.190253,26293.67102540002
2019-02-01T00:00:00Z,3434.1,3488,3401.2,3462.07,25260.476159,26456.69841565002
2019-02-02T00:00:00Z,3462.2,3526.4,3440.29,3504.77,17920.802,26033.45064295002
2019-02-03T00:00:00Z,3504.06,3511.09,3426,3458.11,19867.33639,25265.05690170002
2019-02-04T00:00:00Z,3458.11,3484.88,3433.31,3463.22,23131.981108,24714.75608415002
2019-02-05T00:00:00Z,3463.22,3478.97,3448.43,3471.59,25264.41503,24603.96783680002
2019-02-06T00:00:00Z,3471.57,3482.72,3380,3405.37,35310.244846,24881.70803720002
2019-02-07T00:00:00Z,3407,3426.45,3390,3398.4,18665.538638,24679.31263135002
2019-02-08T00:00:00Z,3398.4,3733.58,3373.1,3659.04,47968.058013,25969.136625850024
2019-02-09T00:00:00Z,3660.27,3680.02,3625.13,3665.18,24759.833719,25812.031381900022
2019-02-10T00:00:00Z,3665.18,3684.99,3609.76,3680.06,23250.602634,25992.33967165002
2019-02-11T00:00:00Z,3679.75,3684.9,3615.53,3631.05,24954.614571,25773.248251850022
2019-02-12T00:00:00Z,3631.05,3667.6,3582.34,3631.46,29479.59823,26000.28602845002
2019-02-13T00:00:00Z,3631.51,3670,3591.75,3609.4,25773.997648,26247.67335185002
2019-02-14T00:00:00Z,3608.34,3626.4,3568.11,3590.56,21753.501261,26454.93108135002
2019-02-15T00:00:00Z,3590.57,3653.23,3573.45,3602.47,20777.872899,26519.99810910002
2019-02-16T00:00:00Z,3602.49,3648.2,3597.91,3618.41,19565.992751,26361.517838550022
2019-02-17T00:00:00Z,3617.22,3700.11,3604.4,3667.58,25690.227779,25625.773657450023
2019-02-18T00:00:00Z,3667.62,3925,3655,3898.6,64042.730492,27350.663733200017
2019-02-19T00:00:00Z,3897.35,3994.52,3856,3907.79,50207.172667,28662.609354400018
2019-02-20T00:00:00Z,3907.35,3986.98,3870.66,3969.74,36205.14085,28992.506884250015
2019-02-21T00:00:00Z,3969.74,4016.48,3901.03,3937.31,31103.884728,29284.67731270002
2019-02-22T00:00:00Z,3937.31,3988,3926.65,3962,23943.16375,29585.795400200015
2019-02-23T00:00:00Z,3962,4162.02,3933.15,4117.76,33657.942883,30275.32572485002
2019-02-24T00:00:00Z,4118,4198,3712.66,3743.56,62224.18689,32229.936013950017
2019-02-25T00:00:00Z,3743.56,3872.66,3740,3827.92,38102.966245,32871.863574700015
2019-02-26T00:00:00Z,3828.44,3841.51,3777,3809.23,28838.748036,32548.288734200014
2019-02-27T00:00:00Z,3809.31,3838.85,3677.17,3818.07,31500.995466,33190.06157560002
2019-02-28T00:00:00Z,3818.04,3888,3763.87,3813.69,32561.961044,32419.756727150012
2019-03-01T00:00:00Z,3814.26,3857,3813.01,3823,23174.57217,32340.493649700016
2019-03-02T00:00:00Z,3822.17,3841.31,3772.25,3819.93,19445.838355,32150.255435750016
2019-03-03T00:00:00Z,3819.97,3835,3781.32,3807.75,16718.16541,31738.432977700017
2019-03-04T00:00:00Z,3807.32,3830,3670.69,3715.3,34742.84166,32001.59514920002
2019-03-05T00:00:00Z,3716.1,3877.1,3703.55,3857.73,32962.536162,32361.022074900022
2019-03-06T00:00:00Z,3857.58,3907,3813.09,3861.84,24775.11883,32512.10295335002
2019-03-07T00:00:00Z,3861.84,3905.4,3840.4,3873.64,26455.257661,32795.972191450026
2019-03-08T00:00:00Z,3873.63,3932,3800,3864.89,34730.366592,33554.19088350002
2019-03-09T00:00:00Z,3864.88,3971.75,3854.75,3943.04,30979.747653,33818.66687720003
2019-03-10T00:00:00Z,3943.43,3943.43,3881.69,3916.82,23187.561412,31775.908423200024
2019-03-11T00:00:00Z,3915.99,3936.98,3830,3871.61,38066.885705,31168.894075100026
2019-03-12T00:00:00Z,3871.61,3905.2,3826.06,3882.73,26921.008622,30704.687463700026
2019-03-13T00:00:00Z,3882.69,3893.56,3840,3866,24461.008757,30372.543665150024
2019-03-14T00:00:00Z,3866,3920,3810.43,3877.12,27048.74853,30527.822904150024
2019-03-15T00:00:00Z,3877.12,3939.22,3872.2,3923.76,21740.061498,29931.928834900027
2019-03-16T00:00:00Z,3924.46,4056.98,3921.98,4005.98,28568.376124,28249.138296600024
2019-03-17T00:00:00Z,4005.98,4012,3950.01,3981.14,18814.255577,27284.70276320002
2019-03-18T00:00:00Z,3981.85,4037,3953.33,3987.81,22454.47801,26965.489261900024
2019-03-19T00:00:00Z,3987.83,4031,3970,4015.53,19893.741815,26385.126579350024
2019-03-20T00:00:00Z,4017.48,4050,3980.5,4043.04,23432.300255,25928.643539900026
2019-03-21T00:00:00Z,4043.04,4069.32,3880.01,3980.64,35997.682119,26569.79903735002
2019-03-22T00:00:00Z,3980.85,4008,3968.25,3986.93,20022.606318,26598.637435500023
2019-03-23T00:00:00Z,3987.89,4018.83,3978.01,4006.01,17302.604318,26627.859380900023
2019-03-24T00:00:00Z,4006.01,4006.02,3950,3992.18,17179.850648,25749.709830300024
2019-03-25T00:00:00Z,3991.35,3999.3,3888.71,3936.12,33192.890217,25761.227533050023
2019-03-26T00:00:00Z,3935.47,3958.98,3894,3948.55,29349.537627,25989.948472900025
2019-03-27T00:00:00Z,3948.77,4048,3936.15,4038.05,32364.555852,26285.413382450024
2019-03-28T00:00:00Z,4039.58,4039.7,4002,4027.81,20089.293875,25553.359746600025
2019-03-29T00:00:00Z,4028.22,4123.71,4024.03,4103.25,30084.217444,25508.583236150025
2019-03-30T00:00:00Z,4104.24,4140,4052,4106.97,19509.292601,25324.669795600024
2019-03-31T00:00:00Z,4106.99,4116.12,4082.57,4103.95,13525.087433,24097.579882000024
2019-04-01T00:00:00Z,4102.44,4158.7,4067,4144.56,25507.067641,24026.88283295002
2019-04-02T00:00:00Z,4144.54,4897.99,4140.54,4857.29,105383.639263,28073.014358250024
2019-04-03T00:00:00Z,4857.19,5275.01,4753.5,4932.6,109890.125743,32215.08321890002
2019-04-04T00:00:00Z,4932.59,5039.08,4777,4898.66,61054.254168,34180.792852400016
2019-04-05T00:00:00Z,4898.64,5028.22,4880.62,5004.95,39768.552806,34740.80168650002
2019-04-06T00:00:00Z,5004.96,5205,4928.59,5043.89,41770.842313,35888.63102330002
2019-04-07T00:00:00Z,5042.07,5234,5026,5170.27,37615.486804,36646.68146300002
2019-04-08T00:00:00Z,5170.27,5305,5039,5236.9,50178.430782,38160.91591135002
2019-04-09T00:00:00Z,5238.38,5238.4,5076.68,5150,34067.012311,38692.65151415002
2019-04-10T00:00:00Z,5150,5422,5135,5308.25,40073.620471,38896.44843175002
2019-04-11T00:00:00Z,5307.86,5332.67,4927,5017.37,54696.600686,40630.14815015002
2019-04-12T00:00:00Z,5017.37,5080.58,4861.22,5048.01,33276.678614,41428.85186495002
2019-04-13T00:00:00Z,5047,5099,5004,5045.22,17292.456802,41434.482172650016
2019-04-14T00:00:00Z,5047.45,5152.99,5000,5131.3,18281.607739,40688.91804875001
2019-04-15T00:00:00Z,5131.28,5167.38,4950,5024.95,29057.191581,40674.30074645001
2019-04-16T00:00:00Z,5024.95,5197.72,5003.94,5173.72,24242.229493,40268.18442850001
2019-04-17T00:00:00Z,5173.72,5230.4,5146.8,5202.82,23307.536134,40429.09654145002
2019-04-18T00:00:00Z,5202.41,5287,5198.8,5258.44,22619.239001,40055.84761930002
2019-04-19T00:00:00Z,5258.44,5320,5175,5258.68,24611.236323,40310.94480540002
2019-04-20T00:00:00Z,5258.68,5333.42,5230.1,5291.73,19168.908274,40593.135847450016
2019-04-21T00:00:00Z,5292.91,5314.35,5165,5256.14,25549.570939,40595.26101235002
2019-04-22T00:00:00Z,5257.41,5400,5208.35,5357.14,29563.852309,36804.27166465002
2019-04-23T00:00:00Z,5357.14,5600,5332.41,5493.31,41262.103917,33372.87057335002
2019-04-24T00:00:00Z,5490.91,5582.2,5333.35,5415,48224.152413,32731.36548560002
2019-04-25T00:00:00Z,5415,5491.84,5102,5219.9,49636.089948,33224.742342700025
2019-04-26T00:00:00Z,5220.47,5510,5161.62,5314.1,48912.294513,33581.81495270003
2019-04-27T00:00:00Z,5315,5342.5,5257.67,5295.69,15422.896935,32472.185459250024
2019-04-28T00:00:00Z,5295.69,5340,5259.48,5307.52,14371.433869,30681.835613600026
2019-04-29T00:00:00Z,5309.81,5332,5178.8,5238.14,19918.135079,29974.391752000025
2019-04-30T00:00:00Z,5238.14,5339.98,5192.15,5320.81,22238.06823,29082.614139950027
2019-05-01T00:00:00Z,5321.94,5402,5316.2,5383.2,17217.473216,27208.65776645003
2019-05-02T00:00:00Z,5383.2,5538,5370,5492.87,22795.787835,26684.613227500027
2019-05-03T00:00:00Z,5494.81,5844,5477.57,5772.69,46297.172849,28134.84902985003
2019-05-04T00:00:00Z,5770.62,5900,5587.45,5829.45,39682.408991,29204.88909245003
2019-05-05T00:00:00Z,5829.83,5839.9,5696,5775.62,23822.543775,28943.15670215003
2019-05-06T00:00:00Z,5773.18,5805,5619.14,5747.79,25256.596325,28993.875043750035
2019-05-07T00:00:00Z,5749.92,6028.41,5747.74,5846.34,39905.064422,29823.751458150033
2019-05-08T00:00:00Z,5846.34,6014.72,5772.2,5987.29,23074.05152,29846.492084100035
2019-05-09T00:00:00Z,5986.66,6224.55,5983.71,6209.18,27453.011436,29988.58083975003
2019-05-10T00:00:00Z,6209.95,6468.92,6172,6373.33,36623.61079,30861.315965550028
2019-05-11T00:00:00Z,6375.16,7343.99,6372.85,7076.22,74022.424393,33284.95863825003
2019-05-12T00:00:00Z,7076.24,7521.78,6750,6967.31,86948.975339,36154.214789750025
2019-05-13T00:00:00Z,6968.24,8100,6870,7790.71,85804.735333,38381.34636055002
2019-05-14T00:00:00Z,7795.62,8366,7599.56,7947.56,76583.722603,39799.324870050026
2019-05-15T00:00:00Z,7945.26,8249,7850,8169.87,37884.327211,39211.73673320002
2019-05-16T00:00:00Z,8169.08,8320,7705,7866.59,69630.513996,40247.647707350014
2019-05-17T00:00:00Z,7868.67,7925,6913,7355.26,88752.008159,43914.10326855002
2019-05-18T00:00:00Z,7355.28,7458,7156.61,7257.45,37054.944779,45048.27881405002
2019-05-19T00:00:00Z,7257.32,8275.09,7243.08,8148.48,65577.442058,47331.24416300002
2019-05-20T00:00:00Z,8147.94,8156.03,7553,7938.15,65859.208564,49512.30117970002
2019-05-21T00:00:00Z,7937.16,8042.32,7771,7904.87,52301.752247,51266.51513125002
2019-05-22T00:00:00Z,7904.48,8016,7465,7628.43,49136.994589,52583.57546895002
2019-05-23T00:00:00Z,7627.8,7940.98,7461,7851.51,49648.184701,52751.12606155003
2019-05-24T00:00:00Z,7849.95,8130,7766,7964.87,46664.785325,53100.24487825002
2019-05-25T00:00:00Z,7964.52,8091.8,7908.34,8025.41,28414.328817,53329.83413035002
2019-05-26T00:00:00Z,8023,8740,7833.42,8614.43,49652.144567,54549.61154245002
2019-05-27T00:00:00Z,8612.54,8908.32,8589,8756.32,51886.768793,55148.696761000014
2019-05-28T00:00:00Z,8752.52,8798.49,8510.63,8715.64,31470.551534,55568.52176170002
2019-05-29T00:00:00Z,8716.87,8750,8406.6,8645.68,33880.865922,55889.91448600002
2019-05-30T00:00:00Z,8646.5,9074.26,8005,8269.54,70379.998521,57577.733872550016
2019-05-31T00:00:00Z,8267.1,8594,8108.5,8555,44727.49162,56112.987233900014
2019-06-01T00:00:00Z,8555,8626,8442.36,8544.07,31868.234157,53358.95017480002
2019-06-02T00:00:00Z,8545.1,8814.78,8524,8725.98,27835.133265,50460.470071400014
2019-06-03T00:00:00Z,8726,8800.95,8080.8,8115.82,45692.965104,48915.93219645001
2019-06-04T00:00:00Z,8115.66,8115.66,7481.02,7687.03,74143.948941,50728.913282950016
2019-06-05T00:00:00Z,7687.04,7896.7,7572.78,7776.5,48679.656455,49681.370405900016
2019-06-06T00:00:00Z,7778.08,7868.13,7444.58,7786.7,36624.118747,47074.97593530002
2019-06-07T00:00:00Z,7787.57,8100,7737.49,7980.53,33942.225658,46919.33997925002
2019-06-08T00:00:00Z,7978.94,8044.65,7751,7893.62,22657.329634,44773.334358050015
2019-06-09T00:00:00Z,7895.28,7935,7506.66,7628.13,31568.465157,43058.79718770002
2019-06-10T00:00:00Z,7627.57,8020,7511,7982.75,36756.078468,42281.51349875002
2019-06-11T00:00:00Z,7981,8010,7692.23,7884.9,30334.999427,41341.413740650016
2019-06-12T00:00:00Z,7884.9,8200,7788.99,8127.64,41597.082622,40938.85863670002
2019-06-13T00:00:00Z,8127.64,8309.82,8010.03,8218.54,30467.764341,40129.00758750002
2019-06-14T00:00:00Z,8216.44,8684.41,8144.32,8650,39835.246255,40700.05345940002
2019-06-15T00:00:00Z,8650.88,8864.99,8567.63,8808.7,31791.636039,39807.028033000024
2019-06-16T00:00:00Z,8810.77,9333,8760,8953.33,63289.251219,40377.15215430002
2019-06-17T00:00:00Z,8953,9444,8950,9313.96,47895.485374,41198.39884630002
2019-06-18T00:00:00Z,9312.13,9336.36,8950,9081.55,51554.569401,42082.084020250026
2019-06-19T00:00:00Z,9081.97,9304,8960,9255.49,32147.706495,40170.46941895002
2019-06-20T00:00:00Z,9253.76,9590,9175.2,9517.12,34556.053982,39661.89753705003
2019-06-21T00:00:00Z,9518.06,10174.99,9518.06,10159.86,50484.415892,40592.706623800026
2019-06-22T00:00:00Z,10159.86,11160,9921.72,10729.5,104169.447976,44409.42235935003
2019-06-23T00:00:00Z,10729,11392.64,10555.18,10906.07,57445.323945,44997.04030140002
2019-06-24T00:00:00Z,10905.95,11143.63,10620.8,11056.59,43101.045285,43444.89511860002
2019-06-25T00:00:00Z,11056.59,11850,11026,11820.86,61276.686648,44074.74662825002
2019-06-26T00:00:00Z,11821.28,13970,11741,13093.8,155930.147386,50040.04806020002
2019-06-27T00:00:00Z,13098.38,13478.04,10525.1,11329.99,173894.820889,57037.67782175002
2019-06-28T00:00:00Z,11329.99,12480,10982.88,12400.63,95795.203964,60694.57153825002
2019-06-29T00:00:00Z,12407.06,12441.54,11475.02,11903.13,69642.074157,62598.25198825002
2019-06-30T00:00:00Z,11903.13,12180,10766.03,10854.1,84512.530443,64986.07458700001
2019-07-01T00:00:00Z,10854.1,11282.28,10030,10624.93,90962.268271,68017.4380292
2019-07-02T00:00:00Z,10624.9,10938.75,9727,10842.85,109561.038728,71415.63583449999
2019-07-03T00:00:00Z,10844.98,11991.89,10841.04,11940,96815.90029,74733.04263195
2019-07-04T00:00:00Z,11940,12000,11055,11145.67,66512.221892,76066.8914138
2019-07-05T00:00:00Z,11145.67,11406.83,10796.44,10970.73,63534.350582,77654.02714095
2019-07-06T00:00:00Z,10982.41,11665,10964.51,11256.49,51469.496331,77063.03939655001
2019-07-07T00:00:00Z,11256.45,11538,11094.37,11406.24,38884.795599,76612.50490780002
2019-07-08T00:00:00Z,11410,12338.03,11220,12238.6,52182.367215,76643.89479850003
2019-07-09T00:00:00Z,12238.6,12794.73,12068,12543.41,78442.130343,78958.61599090001
2019-07-10T00:00:00Z,12548.51,13147.08,11569,12108.37,109246.044997,82693.11554165001
2019-07-11T00:00:00Z,12108.11,12111.73,11000,11342.89,87506.461058,84544.21779995001
2019-07-12T00:00:00Z,11342.88,11885,11073,11757.22,56321.858281,82151.83831520002
2019-07-13T00:00:00Z,11757.22,11799.98,10830,11355.76,54245.594548,81991.85184535001
2019-07-14T00:00:00Z,11355.78,11452,10103,10174.18,72517.579236,83462.67854290002
2019-07-15T00:00:00Z,10174.18,11100,9860,10838.72,81922.426332,84494.96552710001
2019-07-16T00:00:00Z,10833.78,11028,9350.01,9439.59,97219.443413,81559.43032845002
2019-07-17T00:00:00Z,9430.17,9957,9060,9667.92,84942.672717,77111.82291985
2019-07-18T00:00:00Z,9668.86,10788,9252,10627.16,80283.310252,76336.22823425001
2019-07-19T00:00:00Z,10628.64,10769.71,10121.84,10504.29,56546.932133,75681.47113305001
2019-07-20T00:00:00Z,10505.78,11068.99,10350,10740.23,47331.899848,73822.43960330001
2019-07-21T00:00:00Z,10740.27,10817.9,10288,10589.45,38834.287935,71216.0405865
2019-07-22T00:00:00Z,10590.15,10683.16,10100,10340.31,40467.954839,67761.38639205002
2019-07-23T00:00:00Z,10343.08,10343.97,9822,9864.91,47624.37071,65301.80991305001
2019-07-24T00:00:00Z,9864.78,9937,9525,9763.28,43475.380377,64149.96783730001
2019-07-25T00:00:00Z,9763.4,10175,9720.03,9879.87,37873.354728,62866.91804460001
2019-07-26T00:00:00Z,9882.15,9889.98,9637,9824,27167.463217,61651.816388900006
2019-07-27T00:00:00Z,9824,10188.66,9333,9476.52,43809.778301,61898.065524
2019-07-28T00:00:00Z,9478.92,9594.99,9165,9541.54,29401.022937,60758.998310099996
2019-07-29T00:00:00Z,9541.54,9729,9395,9507.64,29021.937411,58287.9886635
2019-07-30T00:00:00Z,9509.07,9714.28,9402,9574.21,32536.368834,54452.50485535001
2019-07-31T00:00:00Z,9575,10109.8,9555,10080.53,39515.35456,52052.94953045001
2019-08-01T00:00:00Z,10080.53,10467.86,9863.46,10374.99,41727.637028,51323.23846780001
2019-08-02T00:00:00Z,10375,10670,10281.35,10523.75,42990.444221,50760.48095145
2019-08-03T00:00:00Z,10523.75,10904.77,10497.93,10816.86,33802.318824,48824.717930850005
2019-08-04T00:00:00Z,10816.86,11040,10552,10929.23,39924.745141,46724.833871300005
2019-08-05T00:00:00Z,10929.99,11937.52,10927.8,11828.8,65153.673713,45121.54538630001
2019-08-06T00:00:00Z,11830,12330.7,11226.7,11481.69,76705.389875,44709.68124420001
2019-08-07T00:00:00Z,11481.69,12141.17,11382.84,11975.03,69173.390353,44154.18524925001
2019-08-08T00:00:00Z,11975.04,12060,11521,11999.77,51207.257174,43887.20150130001
2019-08-09T00:00:00Z,11994.17,12045.68,11700,11879.99,39427.152588,43491.964138300005
2019-08-10T00:00:00Z,11879.98,11985,11270,11309.31,42633.087048,43681.904093950005
2019-08-11T00:00:00Z,11309.24,11600,11112.11,11549.97,26772.90691,42997.151697500005
2019-08-12T00:00:00Z,11539.08,11577.89,11235.32,11396.08,17568.227075,41494.344515749995
2019-08-13T00:00:00Z,11398.35,11456.16,10788.45,10892.71,33234.72968,40982.3119809
2019-08-14T00:00:00Z,10893.36,10897.48,9928.1,10050.37,54451.847499,41811.23661945
2019-08-15T00:00:00Z,10055.16,10460,9911,10293.93,38174.45112,42361.5860146
2019-08-16T00:00:00Z,10296.77,10536.03,9750,10331.54,51758.142918,42759.00424545
2019-08-17T00:00:00Z,10331.15,10465.14,10000,10216.02,29000.581201,42738.98215865
2019-08-18T00:00:00Z,10216.05,10500,10080,10306.78,24085.395172,42492.1550467
2019-08-19T00:00:00Z,10306.17,10930,10258.6,10915.54,37243.319217,42727.50256585
2019-08-20T00:00:00Z,10914.73,10949.96,10560,10760.51,32298.288761,42366.6492759
2019-08-21T00:00:00Z,10760.51,10804.13,9858,10142.57,47355.719282,42648.053388600005
2019-08-22T00:00:00Z,10140.82,10242,9762,10099.88,34059.642738,42201.51331445001
2019-08-23T00:00:00Z,10099.9,10445,10019.79,10389.55,27550.336173,41888.914181900014
2019-08-24T00:00:00Z,10388.16,10419.42,9890,10134.35,27692.456844,41277.29976705001
2019-08-25T00:00:00Z,10134.61,10333,9906.97,10142.69,26271.657398,39333.198951300015
2019-08-26T00:00:00Z,10142.69,10604,10137.93,10372.25,41687.511599,37582.30503750001
2019-08-27T00:00:00Z,10373.6,10391.08,10051.08,10185.05,28402.775383,35543.77428900001
2019-08-28T00:00:00Z,10185.69,10299,9601.01,9721,42110.555375,35088.93919905001
2019-08-29T00:00:00Z,9721,9724,9320,9498.44,35532.69491,34894.21631515001
2019-08-30T00:00:00Z,9499.01,9696,9350.41,9584.54,26834.318104,34104.27786795001
2019-08-31T00:00:00Z,9582.76,9684.51,9420.75,9587.47,17130.290074,33622.14702615001
2019-09-01T00:00:00Z,9588.74,9830,9520,9724.98,19545.404843,33721.00591455001
2019-09-02T00:00:00Z,9723.59,10450,9712.5,10340,44740.248093,34296.28183520002
2019-09-03T00:00:00Z,10340,10773,10272,10615.28,47998.376781,33973.60829930002
2019-09-04T00:00:00Z,10611.85,10799,10369.89,10567.02,43943.889026,34262.08019460002
2019-09-05T00:00:00Z,10565.92,10900,10450,10564.49,33970.960639,33372.721080650015
2019-09-06T00:00:00Z,10563.13,10905.87,10150,10298.73,58799.640959,34862.67406855001
2019-09-07T00:00:00Z,10298.71,10558,10288.57,10455.88,27637.877392,35040.298179550016
2019-09-08T00:00:00Z,10455.9,10592.5,10208,10381.18,23984.672018,34377.36581960002
2019-09-09T00:00:00Z,10381.24,10480,10068.5,10303.12,39835.727608,34754.23776195002
2019-09-10T00:00:00Z,10302.58,10384.99,9953,10098.15,28915.412225,33832.22240910002
2019-09-11T00:00:00Z,10098.19,10293,9880,10158.33,31953.824562,33726.931500300016
2019-09-12T00:00:00Z,10158.75,10448.81,10040,10415.01,34511.162755,34074.972829400016
2019-09-13T00:00:00Z,10415.01,10439,10153,10342.06,30280.339776,34204.36697600001
2019-09-14T00:00:00Z,10344.13,10419.99,10222.33,10335.02,23621.533519,34071.86078205002
2019-09-15T00:00:00Z,10332.81,10360,10252.15,10302.01,18047.654013,32889.86790275002
2019-09-16T00:00:00Z,10303.34,10355,10078,10251.31,28971.401657,32918.29921645001
2019-09-17T00:00:00Z,10249.68,10275,10128.01,10187.82,22914.324563,31958.48767585001
2019-09-18T00:00:00Z,10187.48,10258.02,10100,10156.99,24250.249303,31394.365395500015
2019-09-19T00:00:00Z,10156.41,10325,9653,10244.29,44826.282579,32293.96361925002
2019-09-20T00:00:00Z,10243.7,10281,10061.39,10168.59,25088.491069,32691.873669000015
2019-09-21T00:00:00Z,10167.92,10176.7,9900,9986.39,20544.175196,32741.81218665002
2019-09-22T00:00:00Z,9985.15,10089,9853.97,10028.87,22049.275256,31607.263544800015
2019-09-23T00:00:00Z,10028.05,10049.99,9615.77,9702.25,31937.232356,30804.206323550014
2019-09-24T00:00:00Z,9702.2,9794.99,7800,8493.14,94007.345203,33307.37913240001
2019-09-25T00:00:00Z,8497.55,8730,8215.64,8430.05,60783.892258,34648.02571335001
2019-09-26T00:00:00Z,8430.05,8465.99,7750,8063.73,67930.853749,35104.58635285001
2019-09-27T00:00:00Z,8063.49,8265,7852.15,8177.91,43882.924625,35916.83871450001
2019-09-28T00:00:00Z,8177.47,8315,8001.09,8198.81,34473.605165,36441.285371850005
2019-09-29T00:00:00Z,8199.38,8229.13,7890,8043.82,31544.211388,36026.70956085001
2019-09-30T00:00:00Z,8043.04,8337.26,7710,8289.34,55865.48726,37374.213312600004
2019-10-01T00:00:00Z,8289.97,8500,8173.05,8292.44,43472.418091,37950.14298905
2019-10-02T00:00:00Z,8292.67,8373.91,8151.22,8359.94,26243.386644,37536.7541835
2019-10-03T00:00:00Z,8360,8393,8060,8223.96,30488.284058,37547.1513976
2019-10-04T00:00:00Z,8224.43,8232.41,8005,8137.13,26476.330404,37689.89124185
2019-10-05T00:00:00Z,8137.09,8183.41,8012.98,8126.19,21907.615564,37882.8893194
2019-10-06T00:00:00Z,8127.55,8153.87,7785,7854.25,34676.104049,38168.124439
2019-10-07T00:00:00Z,7855.3,8299.92,7762,8190.09,52202.072297,39632.5118257
2019-10-08T00:00:00Z,8190.82,8325,8088.75,8168.39,35452.657423,40192.632231699994
2019-10-09T00:00:00Z,8170.79,8670,8115,8560.74,55038.704378,40703.253321649994
2019-10-10T00:00:00Z,8562.15,8644,8414.52,8558.03,39137.946167,41405.726076549996
2019-10-11T00:00:00Z,8557.82,8779.51,8212.38,8258.5,50405.284418,42898.78153764999
2019-10-12T00:00:00Z,8257.95,8400,8250,8300.09,21339.334098,42863.28447974999
2019-10-13T00:00:00Z,8301.98,8451.37,8160,8275.01,27840.739953,42658.45985959999
2019-10-14T00:00:00Z,8275.24,8388.85,8203,8348.2,29810.663253,39448.6257621
2019-10-15T00:00:00Z,8346.86,8403,8090,8159.29,32773.062476,38048.084273
2019-10-16T00:00:00Z,8159.3,8181.16,7917,7991.74,34733.593966,36388.22128385
2019-10-17T00:00:00Z,7995.02,8124.92,7929.03,8070.58,29656.949158,35676.92251049999
2019-10-18T00:00:00Z,8070.71,8115,7816.01,7947.01,31353.181416,35520.90132305
2019-10-19T00:00:00Z,7946.89,8098.1,7866.92,7948.01,26627.889388,35275.085223049995
2019-10-20T00:00:00Z,7949.87,8297,7870,8223.35,34286.452654,34196.13349275
2019-10-21T00:00:00Z,8223.35,8333,8142.03,8197.27,30448.679539,33544.94656515
2019-10-22T00:00:00Z,8197.28,8297.99,8000,8020,34651.828663,33965.3686661
2019-10-23T00:00:00Z,8020.06,8047.59,7300,7466.62,63897.457098,35635.827318100004
2019-10-24T00:00:00Z,7468.47,7503.68,7337.99,7412.41,32714.383265,35947.72996115
2019-10-25T00:00:00Z,7412.41,8799,7361,8655.02,90748.218174,39389.76009165
2019-10-26T00:00:00Z,8655.88,10370,8470.38,9230,162588.585413,45785.38415985
2019-10-27T00:00:00Z,9230,9794.98,9074.34,9529.93,93833.541604,47866.957625200004
2019-10-28T00:00:00Z,9528.23,9902.1,9160,9205.14,80174.217323,50103.035620200004
2019-10-29T00:00:00Z,9204.45,9550,9072,9407.62,64158.462446,50559.0235236
2019-10-30T00:00:00Z,9407.62,9409.84,9001.01,9154.72,55241.786434,51364.21553695
2019-10-31T00:00:00Z,9154.02,9405,8913,9140.85,54376.024902,51562.75256115
2019-11-01T00:00:00Z,9140.86,9279,9030,9231.61,43594.814115,52675.52656200001
2019-11-02T00:00:00Z,9231.4,9373.74,9186.21,9289.52,28923.060828,52729.64260575001
2019-11-03T00:00:00Z,9289.85,9362.57,9066.14,9194.71,27894.378279,52633.828357050006
2019-11-04T00:00:00Z,9196.46,9513.68,9115.84,9393.35,45894.456277,53289.89804710001
2019-11-05T00:00:00Z,9392.4,9454.95,9175.76,9308.66,45935.873665,53850.012032050014
2019-11-06T00:00:00Z,9307.73,9440.91,9250.01,9339.05,37336.170372,54233.97309275002
2019-11-07T00:00:00Z,9339.16,9375,9101,9216.2,39117.470853,54622.18756460001
2019-11-08T00:00:00Z,9214,9261,8696,8773.73,62107.289243,56396.15755735002
2019-11-09T00:00:00Z,8773.74,8880,8724.88,8809.41,29469.481405,56155.30899490003
2019-11-10T00:00:00Z,8809.18,9147.19,8750,9039.47,34422.029797,56353.976507800035
2019-11-11T00:00:00Z,9040.16,9072.32,8618.68,8733.27,44888.053545,56865.78775190005
2019-11-12T00:00:00Z,8733.36,8888,8567.6,8821.94,40366.629471,55689.24637055005
2019-11-13T00:00:00Z,8821.91,8844.99,8702,8777.12,26810.116918,55394.03305320004
2019-11-14T00:00:00Z,8777.54,8800,8582.6,8646.68,33468.468961,52530.045592550036
2019-11-15T00:00:00Z,8646.38,8790,8400,8471.73,46087.417751,46704.98720945004
2019-11-16T00:00:00Z,8471.62,8543,8400,8491.02,20902.299752,43058.42511685004
2019-11-17T00:00:00Z,8490.74,8635,8350.68,8502.4,27009.037082,40400.166104800046
2019-11-18T00:00:00Z,8502.87,8503.52,8060,8187.17,43017.69094,39343.127529500045
2019-11-19T00:00:00Z,8186.5,8218.63,8003,8133.64,43556.061025,38758.841259050045
2019-11-20T00:00:00Z,8133.83,8264.29,8038.4,8098.01,32466.23098,37663.35156295005
2019-11-21T00:00:00Z,8098.56,8134.73,7500,7627.74,58418.780261,38404.54987025005
2019-11-22T00:00:00Z,7627.79,7750,6790,7268.23,126603.140259,43288.55384180005
2019-11-23T00:00:00Z,7268.23,7344.48,7080.01,7311.57,50449.894755,44416.329665600046
2019-11-24T00:00:00Z,7311.1,7330.39,6861,6903.28,67890.206483,45516.11717590004
2019-11-25T00:00:00Z,6900.23,7377.69,6515,7109.57,119645.735197,49201.610252500046
2019-11-26T00:00:00Z,7109.99,7340,7017.48,7156.14,65722.39769,50620.92161840005
2019-11-27T00:00:00Z,7154.75,7655,6840,7508.52,92452.87349,53287.691750250044
2019-11-28T00:00:00Z,7507.9,7643,7360,7419.49,56933.981109,53029.026343550046
2019-11-29T00:00:00Z,7418.52,7850,7362.3,7739.68,60745.300873,54592.817316950044
2019-11-30T00:00:00Z,7740.99,7810,7441,7541.89,46989.433619,55221.18750805004
2019-12-01T00:00:00Z,7540.63,7541.85,7210,7390.89,60769.342313,56015.25194645004
2019-12-02T00:00:00Z,7391.5,7420.56,7151.1,7294.28,46330.25604,56313.43327490003
2019-12-03T00:00:00Z,7294.42,7400,7241.35,7292.71,33149.477487,56630.40130335003
2019-12-04T00:00:00Z,7292.71,7750,7067,7194.32,83147.149142,59114.33531240003
2019-12-05T00:00:00Z,7194.59,7485,7150,7389,59306.678855,59775.29836760003
2019-12-06T00:00:00Z,7389,7590.03,7305,7527.47,48189.087944,61139.63777720003
2019-12-07T00:00:00Z,7527.8,7619.62,7470.16,7488.21,31498.684173,61364.12013175003
2019-12-08T00:00:00Z,7487.31,7564,7374.86,7510.11,29856.897631,60706.08046630003
2019-12-09T00:00:00Z,7510.11,7650,7273,7338.64,46621.887493,60859.371789700024
2019-12-10T00:00:00Z,7338.64,7407.6,7157.1,7224.13,49723.76214,61722.24834770003
2019-12-11T00:00:00Z,7224.15,7275.5,7125.66,7210,30093.091944,60305.96393185003
2019-12-12T00:00:00Z,7210,7295,7080.3,7198.08,42288.600932,56090.23696550003
2019-12-13T00:00:00Z,7197.76,7309.05,7190.76,7258.48,27609.873795,54948.235917500024
2019-12-14T00:00:00Z,7257.37,7271.77,7012,7064.05,29561.985967,53031.824891700024
2019-12-15T00:00:00Z,7064.14,7200.3,7008.35,7118.59,26395.778137,48369.32703870003
2019-12-16T00:00:00Z,7119.6,7150,6836,6891.72,43863.993059,47276.40680715003
2019-12-17T00:00:00Z,6891.44,6942.21,6560,6623.82,53865.069929,45347.01662910003
2019-12-18T00:00:00Z,6623.84,7440,6435,7277.83,95636.651251,47282.15013620003
2019-12-19T00:00:00Z,7277.83,7380,7038.31,7150.3,55509.049075,47020.33754630003
2019-12-20T00:00:00Z,7151.31,7220,7079.5,7187.83,32132.069205,46277.469325600025
2019-12-21T00:00:00Z,7188.01,7190.58,7105,7132.75,19467.174028,44212.36091135002
2019-12-22T00:00:00Z,7131.59,7518.54,7122.47,7501.44,39137.45515,43852.720866850024
2019-12-23T00:00:00Z,7500.71,7695.38,7265.84,7317.09,68051.997203,45597.84685265002
2019-12-24T00:00:00Z,7317.3,7436.68,7157.04,7255.77,43629.494188,43621.96410495002
2019-12-25T00:00:00Z,7255.77,7271.77,7128.86,7204.63,27492.044323,42031.232378350025
2019-12-26T00:00:00Z,7205.01,7435,7157.12,7202,36259.761076,41434.76603495002
2019-12-27T00:00:00Z,7202,7275.86,7076.42,7254.74,33642.701861,41541.96691935002
2019-12-28T00:00:00Z,7254.77,7365.01,7238.67,7316.14,26848.982199,41391.57114775002
2019-12-29T00:00:00Z,7315.36,7528.45,7288,7388.24,31387.106085,40629.832077350016
2019-12-30T00:00:00Z,7388.43,7408.24,7220,7246,29605.911782,39623.93955945002
2019-12-31T00:00:00Z,7246,7320,7145.01,7195.23,25954.453533,39417.00763890002
2020-01-01T00:00:00Z,7195.24,7255,7175.15,7200.85,16792.388165,38142.19700055002
2020-01-02T00:00:00Z,7200.77,7212.5,6924.74,6965.71,31951.483932,38359.27750740002
2020-01-03T00:00:00Z,6965.49,7405,6871.04,7344.96,68428.500451,40302.60323160002
2020-01-04T00:00:00Z,7345,7404,7272.21,7354.11,29987.974977,40482.21307360002
2020-01-05T00:00:00Z,7354.19,7495,7318,7358.75,38331.085604,40205.56770085002
2020-01-06T00:00:00Z,7357.64,7795.34,7346.76,7758,54635.695316,40244.09897020002
2020-01-07T00:00:00Z,7758.9,8207.68,7723.71,8145.28,91171.684661,40020.850640700024
2020-01-08T00:00:00Z,8145.92,8455,7870,8055.98,112622.64264,42876.53031895003
2020-01-09T00:00:00Z,8054.72,8055.96,7750,7817.76,64239.51983,44481.90285020003
2020-01-10T00:00:00Z,7817.74,8199,7672,8197.02,82406.777448,47628.88302120003
2020-01-11T00:00:00Z,8198.86,8286.34,8003.16,8020.01,54810.032667,48412.511897050026
2020-01-12T00:00:00Z,8020.01,8197,7960,8184.98,38131.494336,46916.486753700025
2020-01-13T00:00:00Z,8184.97,8196,8055.89,8110.34,31159.755683,46292.99982845002
2020-01-14T00:00:00Z,8110.34,8880,8105.54,8810.01,120399.126742,50938.35394940002
2020-01-15T00:00:00Z,8814.64,8916.48,8564,8821.41,84816.297606,53366.18077590002
2020-01-16T00:00:00Z,8820.01,8859.81,8586,8720.01,51991.074284,54283.59939705002
2020-01-17T00:00:00Z,8720.15,9041.65,8672.44,8913.28,70897.737377,56486.03715595002
2020-01-18T00:00:00Z,8913.27,8988.88,8806.38,8915.96,38294.746545,56831.41917895002
2020-01-19T00:00:00Z,8915.09,9198.98,8466,8701.7,70676.889259,58884.968052800024
2020-01-20T00:00:00Z,8701.72,8746.99,8521.28,8642.35,38896.639746,59532.07736345002
2020-01-21T00:00:00Z,8642.35,8789,8488,8736.03,36494.687659,60517.19233815003
2020-01-22T00:00:00Z,8736.04,8818,8590,8682.36,29080.557138,60373.64599845003
2020-01-23T00:00:00Z,8682.77,8691.81,8306.39,8404.52,48165.944597,59360.518205750035
2020-01-24T00:00:00Z,8404.52,8528.02,8238,8439,41687.529529,59945.49593335004
2020-01-25T00:00:00Z,8438.99,8451.26,8254.9,8340.58,25521.157932,59304.99954975004
2020-01-26T00:00:00Z,8340.01,8618.13,8293.66,8615,31130.485164,58129.739042150046
2020-01-27T00:00:00Z,8614.39,9000,8535,8907.57,53973.542996,56269.831958900046
2020-01-28T00:00:00Z,8907.57,9400,8862.4,9374.21,74584.853765,54367.94251515004
2020-01-29T00:00:00Z,9375.34,9449.24,9216,9301.53,53864.065122,53849.16977975004
2020-01-30T00:00:00Z,9301.57,9578,9204.44,9513.21,60626.744259,52760.16812030003
2020-01-31T00:00:00Z,9511.52,9530.22,9210.01,9352.89,45552.022352,52297.26760455004
2020-02-01T00:00:00Z,9351.71,9464.53,9281,9384.61,28578.067354,51819.59625545003
2020-02-02T00:00:00Z,9384.41,9477.03,9120,9331.51,45690.91254,52546.15409830003
2020-02-03T00:00:00Z,9331.59,9618.79,9234,9292.24,50892.133451,49070.80443375003
2020-02-04T00:00:00Z,9291.35,9350,9093.01,9197.02,53308.175266,47495.39831675003
2020-02-05T00:00:00Z,9197.02,9744.45,9177.22,9612.04,64870.415615,48139.36538330003
2020-02-06T00:00:00Z,9612.03,9862.57,9526.35,9772,64949.706588,47841.963843850026
2020-02-07T00:00:00Z,9772,9885,9730,9813.73,43966.114632,48125.53224820002
2020-02-08T00:00:00Z,9813.87,9940,9667.11,9895.05,43600.843666,46771.72996855002
2020-02-09T00:00:00Z,9895.04,10166,9880.75,10151.75,43408.475616,46997.32176205002
2020-02-10T00:00:00Z,10151.72,10188,9756,9851.83,59573.084619,48151.24161005001
2020-02-11T00:00:00Z,9851.74,10323.59,9700,10223.08,62422.395224,49818.333514350015
2020-02-12T00:00:00Z,10223.08,10450,10223.08,10326.46,61008.06393,50460.43948100001
2020-02-13T00:00:00Z,10325.33,10500,10080,10229.63,79344.358759,52343.2809425
2020-02-14T00:00:00Z,10227.78,10381.56,10111.37,10344.36,47038.480173,53419.147054550005
2020-02-15T00:00:00Z,10344.36,10375,9801,9904.72,57657.202947,54745.48294370001
2020-02-16T00:00:00Z,9904.46,10050,9638.12,9917.27,60023.999537,55048.00577075001
2020-02-17T00:00:00Z,9910.7,9964.16,9452.67,9706,70261.011901,54831.81367755
2020-02-18T00:00:00Z,9706,10250,9576.01,10164.71,70604.124019,55668.8166224
2020-02-19T00:00:00Z,10164.78,10250,9350,9593.79,55162.586895,55395.6087542
2020-02-20T00:00:00Z,9594.65,9699,9400,9596.42,60152.342914,56125.624782299994
2020-02-21T00:00:00Z,9597.21,9755.51,9550.21,9677.05,42181.554524,56805.7991408
2020-02-22T00:00:00Z,9677.05,9709.17,9560.02,9650.86,24636.757623,55753.09139495001
2020-02-23T00:00:00Z,9650.85,9990,9645,9936.4,37702.089843,55093.589214550004
2020-02-24T00:00:00Z,9936.4,9990,9473.56,9656.13,55796.59612,55218.01025725
2020-02-25T00:00:00Z,9655.52,9675,9250,9315.84,54379.344552,54693.4567041
2020-02-26T00:00:00Z,9316.48,9377.44,8633.63,8785.25,92130.345482,56052.48864879999
2020-02-27T00:00:00Z,8786,8971.77,8531,8823.21,72483.578762,57478.36185529999
2020-02-28T00:00:00Z,8823.25,8900,8445,8692.91,71155.208977,58856.08012084999
2020-02-29T00:00:00Z,8690.8,8790,8523.55,8523.61,36748.183035,58523.0654918
2020-03-01T00:00:00Z,8523.61,8750,8411,8531.88,43892.200403,57739.021280999994
2020-03-02T00:00:00Z,8530.3,8965.75,8498,8915.24,60401.31773,57637.96740629999
2020-03-03T00:00:00Z,8911.18,8919.65,8651,8760.07,55154.997282,57345.314073899994
2020-03-04T00:00:00Z,8760.07,8848.29,8660,8750.87,38696.482578,55312.92026485
2020-03-05T00:00:00Z,8750.99,9159.42,8746.54,9054.68,58201.866355,55871.089573950005
2020-03-06T00:00:00Z,9054.64,9170,8985.5,9131.88,43782.948044,55177.3768288
2020-03-07T00:00:00Z,9130.89,9188,8835,8886.66,45422.204525,54447.2870782
2020-03-08T00:00:00Z,8885.25,8886.76,8000,8033.31,77537.315166,54811.102241450004
2020-03-09T00:00:00Z,8034.76,8179.31,7632.01,7929.87,116968.863268,57129.3392039
2020-03-10T00:00:00Z,7929.87,8149,7728.01,7894.56,86783.443875,58710.382052900015
2020-03-11T00:00:00Z,7894.57,7980,7590,7934.52,79942.411172,59699.88546580002
2020-03-12T00:00:00Z,7934.58,7966.17,4410,4800,261505.608653,70666.08817225002
2020-03-13T00:00:00Z,4800.01,5955,3782.13,5578.6,402201.673764,89544.33397930002
2020-03-14T00:00:00Z,5576.05,5640.52,5055.13,5172.06,136910.135974,94504.73628585001
2020-03-15T00:00:00Z,5172.48,5940,5093.1,5361.3,139916.146534,98710.71380655002
2020-03-16T00:00:00Z,5360.33,5365.42,4442.12,5028.97,227276.92276,107355.59271695002
2020-03-17T00:00:00Z,5028.86,5525,4921.45,5312.64,150089.926318,110253.57175875001
2020-03-18T00:00:00Z,5312.64,5436.17,5009.37,5393.04,137127.634894,113485.77456535
2020-03-19T00:00:00Z,5393.26,6400,5252.53,6162.37,199020.873439,119879.05778845001
2020-03-20T00:00:00Z,6162.05,6900,5670,6208.36,219298.329514,129006.56511240001
2020-03-21T00:00:00Z,6204.57,6456.98,5860.02,6186.98,128913.668363,133257.6385104
2020-03-22T00:00:00Z,6187.04,6407.87,5734.01,5816.19,119115.990527,136193.37215024998
2020-03-23T00:00:00Z,5816.05,6600,5688,6467.31,164674.215785,141669.3330754
2020-03-24T00:00:00Z,6465.25,6833,6371.33,6744.72,151138.009878,147291.4094404
2020-03-25T00:00:00Z,6744.69,6957.96,6450,6677.43,132155.734989,150989.1028721
2020-03-26T00:00:00Z,6677.42,6780,6510,6737.36,83026.555211,152951.28323044998
2020-03-27T00:00:00Z,6737.27,6842.59,6261,6359.11,82914.968354,154825.92142189998
2020-03-28T00:00:00Z,6359.11,6360,6024,6236.65,93159.693429,155607.04033505
2020-03-29T00:00:00Z,6236.65,6266,5866.56,5881.42,63311.627714,152924.17855735
2020-03-30T00:00:00Z,5880.5,6599,5857.76,6394.38,118889.549992,154529.4838632
2020-03-31T00:00:00Z,6394.45,6523.23,6321.4,6410.44,72337.595259,154149.24306755004
2020-04-01T00:00:00Z,6412.14,6679.94,6150.11,6642.92,97500.7524,145949.00025490002
2020-04-02T00:00:00Z,6643.36,7198,6551,6794.09,149299.906871,133303.91191025003
2020-04-03T00:00:00Z,6793.86,7048,6602.1,6734.1,104080.276939,131662.4189585
2020-04-04T00:00:00Z,6732.97,6990.41,6650.01,6856.99,72990.861139,128316.15468875
2020-04-05T00:00:00Z,6857.41,6895.54,6677.52,6772.78,49685.356983,119436.57639989999
2020-04-06T00:00:00Z,6772.78,7355.14,6765,7329.9,118052.000832,117834.68012559999
2020-04-07T00:00:00Z,7329.9,7459.69,7077,7197.32,103585.168918,116157.55682679999
2020-04-08T00:00:00Z,7197.32,7420,7150,7361.28,76059.145838,110009.47044674998
2020-04-09T00:00:00Z,7360.26,7371.92,7108.08,7283.54,61077.538712,102098.43090664998
2020-04-10T00:00:00Z,7283.54,7295.75,6739.98,6858.92,104674.623375,100886.47865724997
2020-04-11T00:00:00Z,6858.92,6944.3,6760,6876.83,45470.293206,97204.19379119997
2020-04-12T00:00:00Z,6876.84,7177,6780,6903.79,73868.666501,92663.91632699998
2020-04-13T00:00:00Z,6903.79,6903.79,6575,6837.91,96415.476573,89927.78966174998
2020-04-14T00:00:00Z,6838.04,6978,6754.28,6868.7,69068.623285,86773.43407654998
2020-04-15T00:00:00Z,6868.57,6933,6605,6621.24,61571.384994,85700.67556569997
2020-04-16T00:00:00Z,6621.25,7190,6468.27,7101.94,125009.857539,87805.42002494997
2020-04-17T00:00:00Z,7101.99,7148.12,6972.98,7027.55,54126.509763,85853.76084164999
2020-04-18T00:00:00Z,7026.78,7293.08,7014.4,7248.6,49488.542819,85162.60659689999
2020-04-19T00:00:00Z,7248.6,7266.15,7055.6,7120.74,45664.86393,81501.37229379998
2020-04-20T00:00:00Z,7121.4,7220,6751,6826.83,90149.49137,82391.96709934997
2020-04-21T00:00:00Z,6828.98,6940,6762,6841.37,60109.710808,80522.41501974998
2020-04-22T00:00:00Z,6841.36,7156.38,6818,7125.14,61486.377334,76131.73854289998
2020-04-23T00:00:00Z,7125.12,7738,7020,7482.39,102773.569561,76066.40317399999
2020-04-24T00:00:00Z,7483.96,7615.96,7388,7505,60182.119939,75425.966114
2020-04-25T00:00:00Z,7505,7705,7431.07,7538.67,43874.427726,75135.41965115
2020-04-26T00:00:00Z,7539.03,7700,7480,7693.1,50522.616209,71758.95042000001
2020-04-27T00:00:00Z,7693.1,7792.02,7606,7774.62,65441.339576,69851.7589529
2020-04-28T00:00:00Z,7773.51,7780,7659.12,7738.98,46302.752638,68363.9392929
2020-04-29T00:00:00Z,7738.58,8952.89,7710.05,8778.57,183546.887514,74487.40673300001
2020-04-30T00:00:00Z,8778.58,9460,8401,8620,206277.214124,79567.53627045001
2020-05-01T00:00:00Z,8620,9059.18,8613.56,8826.96,91468.815059,81867.4623631
2020-05-02T00:00:00Z,8825.67,9010,8753,8972.05,59002.08755,81124.13341555001
2020-05-03T00:00:00Z,8972.58,9200,8712,8894.16,90126.065643,80809.66286905001
2020-05-04T00:00:00Z,8894.15,8950,8522,8871.96,84418.512331,81577.15732135001
2020-05-05T00:00:00Z,8871.92,9118.58,8760,9021.83,76480.765342,82322.62633875001
2020-05-06T00:00:00Z,9021.36,9395,8906.21,9142.92,105925.30242,81368.39858280001
2020-05-07T00:00:00Z,9143.4,10067,9021,9986.4,147154.611378,86019.80366355002
2020-05-08T00:00:00Z,9986.3,10035.96,9705,9800.01,100683.7964,88579.56634260001
2020-05-09T00:00:00Z,9800.02,9914.25,9520,9539.4,81950.679567,90393.85712445
2020-05-10T00:00:00Z,9539.1,9574.83,8117,8722.77,183865.182028,95079.64165735002
2020-05-11T00:00:00Z,8722.77,9168,8200,8561.52,168807.251832,100514.51870855001
2020-05-12T00:00:00Z,8562.04,8978.26,8528.78,8810.79,86522.780066,101766.33884515
2020-05-13T00:00:00Z,8810.99,9398,8792.99,9309.37,92466.274018,101250.97406800001
2020-05-14T00:00:00Z,9309.35,9939,9256.76,9791.98,129565.37747,104720.13694455
2020-05-15T00:00:00Z,9791.97,9845.62,9150,9316.42,115890.761516,108320.95363405
2020-05-16T00:00:00Z,9315.96,9588,9220,9381.27,59587.627862,108774.2042167
2020-05-17T00:00:00Z,9380.81,9888,9322.1,9680.04,68647.764323,108934.52545405
2020-05-18T00:00:00Z,9681.11,9950,9464.23,9733.93,82006.603583,110719.7180013
2020-05-19T00:00:00Z,9733.93,9897.21,9474,9775.53,78539.760454,105469.36164830001
2020-05-20T00:00:00Z,9775.13,9842,9326,9511.43,74923.73809,98901.6878466
2020-05-21T00:00:00Z,9511.43,9578.47,8815,9068.65,108928.780969,99774.6861421
2020-05-22T00:00:00Z,9067.51,9271,8933.52,9170,58943.131024,99771.7383158
2020-05-23T00:00:00Z,9170,9307.85,9070,9179.15,43526.296966,97441.74988195
2020-05-24T00:00:00Z,9179.01,9298,8700,8720.34,70379.86645,96739.8175879
2020-05-25T00:00:00Z,8718.14,8979.66,8642.72,8900.35,62833.910949,96057.47486825
2020-05-26T00:00:00Z,8900.35,9017.67,8700,8841.18,58299.770138,93676.19825415
2020-05-27T00:00:00Z,8841,9225,8811.73,9204.07,68910.355514,89763.98546095
2020-05-28T00:00:00Z,9204.07,9625.47,9110,9575.89,74110.787662,88435.33502405
2020-05-29T00:00:00Z,9575.87,9605.26,9330,9427.07,57374.362961,87206.51919375
2020-05-30T00:00:00Z,9426.6,9740,9331.23,9697.72,55665.27254,80796.52371935
2020-05-31T00:00:00Z,9697.72,9700,9381.41,9448.27,48333.786403,74772.8504479
2020-06-01T00:00:00Z,9448.27,10380,9421.67,10200.77,76649.12696,74279.1677926
2020-06-02T00:00:00Z,10202.71,10228.99,9266,9518.04,108970.773151,75104.39274925001
2020-06-03T00:00:00Z,9518.02,9690,9365.21,9666.24,46252.644939,70938.75612270001
2020-06-04T00:00:00Z,9666.32,9881.63,9450,9789.06,57456.100969,68017.02309535001
2020-06-05T00:00:00Z,9788.14,9854.75,9581,9621.16,47788.05005,67427.04420475001
2020-06-06T00:00:00Z,9621.17,9735,9531.05,9666.3,32752.950893,65632.30353325001
2020-06-07T00:00:00Z,9666.85,9802,9372.46,9746.99,57952.848385,64429.615773350015
2020-06-08T00:00:00Z,9746.99,9800,9633,9782.01,40664.664125,62535.86095690001
2020-06-09T00:00:00Z,9782,9877,9570,9772.43,46024.001289,61090.874116850006
2020-06-10T00:00:00Z,9772.44,9992.72,9704.18,9885,47130.762982,58000.9732175
2020-06-11T00:00:00Z,9885.22,9964,9113,9280.4,94418.98473,59774.7659028
2020-06-12T00:00:00Z,9278.88,9557.12,9232.51,9465.13,50119.066932,60104.40440109999
2020-06-13T00:00:00Z,9464.96,9494.73,9351,9473.34,27759.784851,57973.40032114999
2020-06-14T00:00:00Z,9473.34,9480.99,9245,9342.1,30055.44939,56334.47724319999
2020-06-15T00:00:00Z,9342.1,9495,8910.45,9426.02,86107.924707,57724.88497164999
2020-06-16T00:00:00Z,9426.05,9589,9373.09,9525.59,52052.446927,56881.9895423
2020-06-17T00:00:00Z,9526.97,9565,9236.61,9465.14,48046.411152,55578.770716800005
2020-06-18T00:00:00Z,9465.13,9489,9280,9386.32,37381.953765,54579.150257
2020-06-19T00:00:00Z,9386.32,9438.3,9215.79,9310.23,45330.983673,54062.43581365
2020-06-20T00:00:00Z,9310.23,9395,9170.95,9358.95,30329.065384,53162.199762699995
2020-06-21T00:00:00Z,9358.95,9422,9281.54,9294.69,24316.926234,50545.589726399994
2020-06-22T00:00:00Z,9294.69,9780,9277.09,9685.69,57895.468343,47991.824486
2020-06-23T00:00:00Z,9685.69,9720,9577.03,9624.89,41031.02938,47730.743708049995
2020-06-24T00:00:00Z,9624.33,9670,9208,9296.49,61571.475811,47936.512450149996
2020-06-25T00:00:00Z,9298.33,9340,9009.69,9249.49,55831.619156,48338.69090544999
2020-06-26T00:00:00Z,9249.49,9298,9045.45,9162.21,50292.298277,49215.65827464999
2020-06-27T00:00:00Z,9162.21,9196.24,8833,9012,46290.930113,48632.56236104999
2020-06-28T00:00:00Z,9012,9191,8948.06,9116.35,30688.176421,48133.73797584999
2020-06-29T00:00:00Z,9116.16,9238,9024.67,9192.56,42120.293261,47938.55257444999
2020-06-30T00:00:00Z,9192.93,9205,9064.89,9138.55,31463.162801,47155.17256539998
2020-07-01T00:00:00Z,9138.08,9292,9080.1,9232,38488.528699,44358.649763849986
2020-07-02T00:00:00Z,9231.99,9261.96,8940,9086.54,45725.168076,44138.95482104998
2020-07-03T00:00:00Z,9086.54,9125,9037.47,9058.26,28943.420177,44198.13658734998
2020-07-04T00:00:00Z,9057.79,9190,9040.04,9135.46,26441.968484,44017.46254204998
2020-07-05T00:00:00Z,9135,9145.24,8893.03,9069.41,34073.653627,41415.748988049985
2020-07-06T00:00:00Z,9069.41,9375,9055.92,9344.2,54463.132277,41536.283255549984
2020-07-07T00:00:00Z,9342.47,9379.42,9203,9257.39,34587.336678,40863.32953184999
2020-07-08T00:00:00Z,9257.4,9470,9231,9436.06,56140.517781,41801.25773264999
2020-07-09T00:00:00Z,9436.06,9440.79,9160,9232.43,48044.450645,41936.93108124999
2020-07-10T00:00:00Z,9232.42,9317.48,9125,9288.34,38295.494006,42335.252512349995
2020-07-11T00:00:00Z,9288.34,9299.28,9178.25,9234.03,22561.366,42247.474500649994
2020-07-12T00:00:00Z,9234.02,9345,9157.5,9302.75,30872.702286,40896.33619779999
2020-07-13T00:00:00Z,9303.31,9343.82,9200.89,9242.62,42740.069115,40981.788184549994
2020-07-14T00:00:00Z,9242.61,9279.54,9113,9255.85,45772.552509,40191.84201944999
2020-07-15T00:00:00Z,9255.85,9276.49,9160.57,9197.6,39053.579665,39352.94004489999
2020-07-16T00:00:00Z,9197.6,9226.15,9047.25,9133.72,43375.571191,39007.10369059999
2020-07-17T00:00:00Z,9133.72,9186.83,9089.81,9154.32,28054.358741,38095.27512199999
2020-07-18T00:00:00Z,9154.31,9219.3,9121.1,9170.28,22554.541457,37688.59337379999
2020-07-19T00:00:00Z,9170.3,9232.27,9101.35,9208.99,26052.019417,36885.17968159999
2020-07-20T00:00:00Z,9208.99,9221.52,9131,9160.78,35458.764082,37084.95974564999
2020-07-21T00:00:00Z,9160.78,9437.73,9152.8,9390,60413.582486,38181.21243499999
2020-07-22T00:00:00Z,9390,9544,9261,9518.16,48815.004107,38335.70423654998
2020-07-23T00:00:00Z,9518.16,9664,9440.33,9603.27,51856.2335,39481.34490269998
2020-07-24T00:00:00Z,9603.27,9637,9463.44,9537.8,43931.136205,40355.80328874999
2020-07-25T00:00:00Z,9538.1,9732.9,9513,9700.42,40679.545416,40686.09787819998
2020-07-26T00:00:00Z,9700.42,10111,9650,9931.54,65279.269319,41226.904730299975
2020-07-27T00:00:00Z,9931.54,11394.86,9917.21,11029.96,150188.933144,47006.98455359998
2020-07-28T00:00:00Z,11029.96,11242.23,10565,10906.27,97267.734187,49063.345373899974
2020-07-29T00:00:00Z,10906.27,11342.82,10812,11100.53,76838.094233,50503.02755329997
2020-07-30T00:00:00Z,11100.52,11170,10831,11099.61,60794.826456,51627.99417579997
2020-07-31T00:00:00Z,11099.79,11444,10960,11335.46,70063.660974,54003.10892449997
2020-08-01T00:00:00Z,11335.46,11861,11220,11801.17,85087.485126,56713.848066499966
2020-08-02T00:00:00Z,11801.17,12123.46,10518.5,11071.35,97553.077604,59454.49849094996
2020-08-03T00:00:00Z,11071.36,11473,10936,11219.81,56931.841475,60012.462939249956
2020-08-04T00:00:00Z,11219.68,11414.98,11000,11191.97,58629.113709,60991.23964144995
2020-08-05T00:00:00Z,11191.99,11780.93,11093,11744.91,74970.256852,62570.97392449995
2020-08-06T00:00:00Z,11744.91,11900,11562.5,11762.46,63529.08502,64344.71023844995
2020-08-07T00:00:00Z,11762.47,11909.94,11322,11594.23,65755.926022,66504.77946669995
2020-08-08T00:00:00Z,11594.36,11808.27,11512,11761.41,41858.16104,67295.08654784995
2020-08-09T00:00:00Z,11761.02,11797.11,11521.97,11681.68,41493.067342,67596.80171084995
2020-08-10T00:00:00Z,11681.69,12067.35,11450,11892.92,84952.337887,68823.73948089997
2020-08-11T00:00:00Z,11892.9,11935,11125,11392.08,90748.284634,70920.40350724995
2020-08-12T00:00:00Z,11392.09,11617.52,11150,11564.33,64909.613644,71573.07251444994
2020-08-13T00:00:00Z,11564.34,11792.96,11270.36,11780,70132.491502,72883.14027929994
2020-08-14T00:00:00Z,11779.77,11850,11634.03,11760.54,59818.852697,73840.10564334993
2020-08-15T00:00:00Z,11760.55,11980,11680,11852.4,56237.90505,73388.03742989994
2020-08-16T00:00:00Z,11852.4,11931.72,11686,11911,41368.236906,67947.00261799994
2020-08-17T00:00:00Z,11910.99,12468,11769.78,12281.13,84734.21154,67320.32648564994
2020-08-18T00:00:00Z,12281.15,12387.77,11817.93,11945.01,75923.835527,67274.61355034994
2020-08-19T00:00:00Z,11945.1,12020.08,11561,11754.59,73940.169606,67931.88070784994
2020-08-20T00:00:00Z,11754.38,11888,11668,11853.55,46085.254351,66732.96037669994
2020-08-21T00:00:00Z,11853.54,11878,11485.81,11531.34,64448.306142,65701.00142749994
2020-08-22T00:00:00Z,11531.23,11686,11376.81,11662.96,43678.701646,63007.28262959993
2020-08-23T00:00:00Z,11663.51,11718.07,11514.13,11648.13,37900.00469,62055.690790349945
2020-08-24T00:00:00Z,11648.12,11824.9,11585.09,11748.2,46212.391867,61434.85469824994
2020-08-25T00:00:00Z,11748.19,11767.85,11117.64,11318.42,69590.923272,61165.888019249935
2020-08-26T00:00:00Z,11318.42,11539.32,11244,11461.43,53998.231231,60689.34532979994
2020-08-27T00:00:00Z,11461.42,11592.2,11125,11330.38,63246.036383,60563.850847849935
2020-08-28T00:00:00Z,11330.38,11542.65,11276.89,11526.91,45953.908365,60768.63821409994
2020-08-29T00:00:00Z,11526.9,11580.02,11417.04,11465.84,32973.7992,60342.67480699994
2020-08-30T00:00:00Z,11465.84,11719,11458,11711.16,43177.879054,58253.95186534993
2020-08-31T00:00:00Z,11711.17,11800.77,11570,11649.51,55353.617744,56484.21852084993
2020-09-01T00:00:00Z,11649.51,12050.85,11515,11921.97,78148.193668,57146.147522049934
2020-09-02T00:00:00Z,11921.97,11954.57,11160.1,11388.54,87221.845602,58000.61522704993
2020-09-03T00:00:00Z,11388.54,11462.6,9960.8,10140.85,121950.106015,61107.177892949934
2020-09-04T00:00:00Z,10138.29,10627.05,9875.5,10446.25,92678.222724,62929.19377664993
2020-09-05T00:00:00Z,10446.25,10565.68,9825,10166.69,90001.605568,65360.86220974995
2020-09-06T00:00:00Z,10166.69,10347.14,9994.86,10256.2,56368.788815,63942.59107349995
2020-09-07T00:00:00Z,10255.89,10410.75,9875,10373.44,62620.230676,63277.41083094994
2020-09-08T00:00:00Z,10373.45,10438,9850,10126.65,73491.878418,63254.99627154994
2020-09-09T00:00:00Z,10126.66,10343,9981.01,10219.2,49347.113776,63418.08924279994
2020-09-10T00:00:00Z,10219.29,10483.35,10070.83,10336.87,58248.003737,63108.074122549944
2020-09-11T00:00:00Z,10336.86,10397.6,10200,10387.89,43830.254467,63115.65176359995
2020-09-12T00:00:00Z,10387.89,10477.97,10269.25,10440.92,35379.153096,62989.60918389994
2020-09-13T00:00:00Z,10440.67,10580.11,10200,10332.83,43834.041121,62870.691646599946
2020-09-14T00:00:00Z,10332.84,10750,10212.34,10671.77,67059.291361,62744.110051049945
2020-09-15T00:00:00Z,10671.77,10839,10650,10731.98,15997.713513,60844.084165149936